id,Name,ext_name,force,Legion,belong,location,identity,loyalty,Merit,command,battlebility,intelligence,politics,charm,five_circles,spearman,Halberd,crossbowmen,cavalry,weapon,Navy,Strong_ID,icon,gender,phase,stunt,stunt_combo,Stunt_description,power_level_1,Level_2,Level_3,Level_4,Level_5,Level_6,debut_year,birth_year,death_year
0,齐小白,,齐小白,齐小白,北海,北海,君主,120,2000,67,61,73,79,91,371,熟,精,熟,熟,熟,初,1,1201,男,65,遁走,1-遁走,於陆上时不考虑ＺＯＣ,,,,,,,150,130,229
1,管夷吾,仲,齐小白,齐小白,北海,北海,一般,120,2000,88,65,96,120,87,456,极,极,精,熟,精,熟,0,1908,男,65,特技150,,,,,,,,,150,130,229
2,鲍叔牙,,齐小白,齐小白,北海,北海,一般,120,2000,43,46,76,87,89,341,初,初,熟,初,熟,初,1,1909,男,65,辅佐,26-辅佐,即使没建立人际关係（厌恶除外）也可获得支援攻击,,,,,,,150,130,229
3,晏婴,平仲,齐小白,齐小白,北海,北海,一般,120,2000,37,18,90,92,92,329,初,初,初,初,初,初,1,1204,男,64,機智,55-機智,对智力比自己低的敌方部队施展部队计略「擾乱」时，必定会成功,,,,,,,150,130,229
4,田完,,齐小白,齐小白,北海,北海,一般,120,2000,50,52,71,73,83,329,初,初,熟,初,熟,熟,3,1205,男,67,特技255,,,,,,,,,150,130,229
5,司马穰苴,,齐小白,齐小白,北海,北海,一般,120,2000,90,64,81,79,76,390,极,极,精,熟,精,精,1,1206,男,66,治军,130-治军,物理攻击眩晕效果免疫,,,,,,,195,175,274
6,于禁,文则,曹操,曹操,许昌,许昌,一般,120,2000,79,78,65,57,48,327,精,精,精,熟,熟,熟,0,76,男,29,治军,130-治军,物理攻击眩晕效果免疫,,,,,,,150,130,229
7,田因齐,,齐小白,齐小白,北海,北海,一般,120,2000,54,68,79,85,93,379,初,熟,初,初,熟,初,0,1207,男,67,威压,95-威压,所属都市的领内不容易出现盗贼或異族的根据地,,,,,,,210,190,289
8,卫瓘,伯玉,司马懿,司马懿,寿春,寿春,一般,120,2000,50,25,79,76,52,282,初,熟,熟,熟,熟,初,0,148,男,31,诡计,56-诡计,对智力比自己低的敌方部队施展部队计略「内讧」时，必定会成功,,,,,,,150,130,229
9,匡章,,齐小白,齐小白,北海,北海,一般,120,2000,82,75,73,44,58,332,精,精,熟,熟,精,熟,1,1208,男,68,掠夺,21-掠夺,击破敌方部队时，有機会夺取敌将的道具,,,,,,,150,130,229
10,田忌,期,齐小白,齐小白,北海,北海,一般,120,2000,74,69,70,60,72,345,熟,精,精,熟,熟,精,2,1209,男,67,特技255,,,,,,,,,210,190,289
11,田单,,齐小白,齐小白,北海,北海,一般,120,2000,85,70,91,70,75,391,精,精,精,熟,极,熟,2,1210,男,66,火攻,53-火攻,对智力比自己低的敌方部队施展部队计略「火计」时必定会成功,,,,,,,210,190,289
12,孙膑,,齐小白,齐小白,北海,北海,一般,120,2000,92,5,108,69,64,338,精,极,极,熟,极,熟,1,1211,男,66,虚实,57-虚实,对智力比自己低的敌方部队施展全部队计略时，必定会成功,,,,,,,210,190,289
13,薛文,,齐小白,齐小白,北海,北海,一般,120,2000,59,54,77,73,94,357,初,初,熟,初,熟,初,2,1212,男,68,名声,79-名声,增加徵兵时的士兵数,,,,,,,210,190,289
14,邹忌,,齐小白,齐小白,北海,北海,一般,120,2000,61,58,78,75,62,334,熟,熟,初,初,初,初,1,1213,男,63,奏乐,75-奏乐,每回合回復自军部队的气力,,,,,,,150,130,229
15,邹衍,,,,北平,北平,未发现,0,0,19,24,82,82,67,274,初,初,初,初,初,初,1,1214,男,9,风水,97-风水,所属都市不容易出现蝗灾、瘟疫,,,,,,,150,130,229
16,鲁仲连,,,,北海,北海,未发现,0,0,33,51,88,76,84,332,初,初,初,初,初,初,3,1215,男,62,论客,86-论客,於同盟、停战协定、交换俘虏时容易进入舌战,,,,,,,150,130,229
17,孔丘,仲尼,,,北海,北海,未发现,0,0,65,65,86,100,120,436,初,初,熟,初,熟,初,0,1216,男,62,圣人,143-圣人,登用无归属武将时必定成功,,,,,,,150,130,229
18,袁绍,本初,刘秀,刘秀,宛,宛,一般,120,2000,66,67,71,72,80,356,初,精,熟,熟,熟,熟,1,5,男,67,特技255,,,,,,,,,150,130,229
19,孟轲,,,,北海,北海,未发现,0,0,25,42,82,78,100,327,初,初,初,初,初,初,0,1217,男,62,贤哲,138-贤哲,所属势力每月增加一定量的技巧值,,,,,,,150,130,229
20,墨翟,,,,北海,北海,未发现,0,0,66,60,85,73,102,386,初,初,熟,初,极,熟,0,1218,男,70,贤哲,138-贤哲,所属势力每月增加一定量的技巧值,,,,,,,150,130,229
21,晋重耳,,晋重耳,晋重耳,邺,邺,君主,120,2000,69,62,71,84,95,381,初,精,熟,熟,熟,熟,1,1219,男,20,亲和,142-亲和,实行亲善所能提升的友好度加倍,,,,,,,150,130,229
22,狐偃,咎犯,晋重耳,晋重耳,邺,邺,一般,120,2000,67,54,89,89,79,378,初,精,熟,熟,熟,初,1,2028,男,20,看破,60-看破,必定可识破智力比自己低的敌方部队所施展部队计略,,,,,,,150,130,229
23,先轸,,晋重耳,晋重耳,邺,邺,一般,120,2000,93,79,87,62,65,386,极,极,熟,精,精,熟,1,1221,男,21,待伏,16-待伏,伏兵成功时施展会心一击,,,,,,,150,130,229
24,淳于髡,,齐小白,齐小白,北海,北海,一般,120,2000,28,21,83,76,79,287,初,初,初,初,初,初,3,1202,男,68,特技255,,,,,,,,,150,130,229
25,田骈,,齐小白,齐小白,北海,北海,一般,120,2000,36,33,79,81,73,302,初,初,初,初,初,初,2,1203,男,66,特技255,,,,,,,,,150,130,229
26,赵衰,,晋重耳,晋重耳,邺,邺,一般,120,2000,60,59,77,82,88,366,初,初,熟,初,熟,初,2,1222,男,22,辅佐,26-辅佐,即使没建立人际关係（厌恶除外）也可获得支援攻击,,,,,,,150,130,229
27,赵盾,,晋重耳,晋重耳,邺,邺,一般,120,2000,58,58,73,79,82,350,初,初,熟,初,熟,初,2,2082,男,22,特技255,,,,,,,,,165,145,244
28,赵鞅,,晋重耳,晋重耳,邺,邺,一般,120,2000,66,61,80,85,85,377,熟,熟,熟,初,熟,初,2,1224,男,22,築城,77-築城,军事设施建设的耐久上昇量增为２倍,,,,,,,195,175,274
29,赵毋恤,,晋重耳,晋重耳,邺,邺,一般,120,2000,74,68,85,76,86,389,熟,精,精,精,熟,初,1,2006,男,22,沉著,73-沉著,可防止遭受部队计略「擾乱」,,,,,,,210,190,289
30,张孟谈,,,,邺,邺,未发现,0,0,34,40,87,74,71,306,初,初,初,初,初,初,2,1226,男,21,论客,86-论客,於同盟、停战协定、交换俘虏时容易进入舌战,,,,,,,150,130,229
31,赵雍,,晋重耳,晋重耳,邺,邺,一般,120,2000,89,78,66,68,69,370,精,熟,极,极,初,初,0,1227,男,22,白马,25-白马,未研究技巧「骑射」时也可施展骑射；骑射可施展会心一击,,,,,,,225,205,304
32,周访,士达,,,寿春,寿春,未发现,0,0,83,76,70,71,76,376,熟,精,熟,熟,精,极,0,1873,男,28,强袭,14-强袭,於水上攻击时，有50％的機率不会受到损伤,,,,,,,150,130,229
33,荀罃,子羽,晋重耳,晋重耳,邺,邺,一般,120,2000,71,61,85,86,84,387,精,精,初,初,熟,熟,1,1228,男,21,妙计,58-妙计,对智力比自己低的敌方部队施展部队计略成功时会心一击,,,,,,,165,145,244
34,赵胜,,晋重耳,晋重耳,邺,邺,一般,120,2000,65,54,70,73,92,354,初,初,精,初,熟,初,3,1229,男,22,名声,79-名声,增加徵兵时的士兵数,,,,,,,225,205,304
35,赵奢,,晋重耳,晋重耳,邺,邺,一般,120,2000,90,75,74,78,80,397,精,精,熟,极,熟,初,1,1230,男,22,强行,2-强行,增加兵器、输送部队以外的陆上部队之移动力,,,,,,,225,205,304
36,廉颇,,晋重耳,晋重耳,邺,邺,一般,120,2000,94,87,65,55,73,374,极,神,精,熟,熟,初,1,1231,男,23,百战,127-百战,部队战法的消费气力变为五分之一,,,,,,,150,130,229
37,王濬,士治,司马懿,司马懿,寿春,寿春,一般,120,2000,80,74,77,74,61,366,熟,熟,精,初,极,极,0,146,男,28,造船,83-造船,生产舰船之兵装时所需的生产期间减半,,,,,,,150,130,229
38,蔺相如,,晋重耳,晋重耳,邺,邺,一般,120,2000,61,44,89,82,86,362,熟,初,初,熟,初,初,1,1232,男,23,论客,86-论客,於同盟、停战协定、交换俘虏时容易进入舌战,,,,,,,150,130,229
39,庞煖,,,,邺,邺,未发现,0,0,83,49,76,72,66,346,熟,精,极,熟,熟,初,1,1233,男,19,待伏,16-待伏,伏兵成功时施展会心一击,,,,,,,150,130,229
40,李牧,,晋重耳,晋重耳,邺,邺,一般,120,2000,99,76,77,66,65,383,精,极,神,极,熟,初,1,1234,男,23,破竹,135-破竹,打倒敌方部队後，周围敌方部队也会减少气力,,,,,,,150,130,229
41,魏犨,,晋重耳,晋重耳,邺,邺,一般,120,2000,68,92,53,45,59,317,熟,精,熟,初,熟,初,3,1235,男,18,金刚,28-金刚,在敌方攻击力微弱时被攻击的话，有50％的機率不会受到损伤,,,,,,,150,130,229
42,魏绛,,晋重耳,晋重耳,邺,邺,一般,120,2000,75,73,69,82,79,378,精,精,精,熟,精,熟,1,1236,男,18,特技153,,,,,,,,,180,160,259
43,魏舒,,晋重耳,晋重耳,邺,邺,一般,120,2000,81,75,67,75,72,370,精,极,精,初,精,熟,1,1237,男,18,巧变,125-巧变,可无视地形限制施展战法,,,,,,,210,190,289
44,魏斯,,晋重耳,晋重耳,邺,邺,一般,120,2000,56,51,82,92,96,377,初,初,熟,初,初,初,1,1238,男,18,仁政,96-仁政,所属相同的武将之每个月的忠诚不会下降,,,,,,,240,220,319
45,魏无忌,,晋重耳,晋重耳,邺,邺,一般,120,2000,92,66,72,74,97,401,精,极,精,熟,极,初,1,1239,男,18,名声,79-名声,增加徵兵时的士兵数,,,,,,,255,235,334
46,李悝,,晋重耳,晋重耳,邺,邺,一般,120,2000,32,41,77,99,65,314,初,初,初,初,初,初,1,1240,男,19,徵收,90-徵收,每个月所属都市都会有兵粮的收入（一次的收入将减半）,,,,,,,150,130,229
47,西门豹,,,,邺,邺,未发现,0,0,65,53,85,84,86,373,熟,熟,熟,初,熟,初,2,1241,男,19,循史,137-循史,增加建设内政设施的速度,,,,,,,150,130,229
48,翟璜,,晋重耳,晋重耳,邺,邺,一般,120,2000,46,55,79,83,74,337,初,初,初,初,初,初,1,1242,男,17,眼力,85-眼力,若有未发现的在野人士时执行人材探索的话，必定会发现,,,,,,,150,130,229
49,乐羊,,,,邺,邺,未发现,0,0,78,74,62,40,53,307,熟,精,熟,熟,精,初,1,1243,男,16,特技255,,,,,,,,,150,130,229
50,吴起,,,,邺,邺,未发现,0,0,117,69,112,104,65,467,神,神,极,精,极,精,0,1244,男,0,兵神,121-兵神,敌方战法成功率大幅下降,,,,,,,150,130,229
51,庞涓,,晋重耳,晋重耳,邺,邺,一般,120,2000,80,72,69,48,39,308,熟,精,精,熟,精,熟,1,1245,男,16,扫荡,9-扫荡,被攻击的敌方部队气力减少（小）,,,,,,,150,130,229
52,惠施,,,,邺,邺,未发现,0,0,37,29,83,83,82,314,初,初,初,初,初,初,3,1246,男,16,清谈,147-清谈,登用无归属武将失败时进入舌战,,,,,,,150,130,229
53,韩厥,,晋重耳,晋重耳,邺,邺,一般,120,2000,59,68,74,76,85,362,初,精,熟,熟,熟,熟,2,1247,男,19,规律,72-规律,可防止遭受部队计略「伪报」,,,,,,,150,130,229
54,申不害,,晋重耳,晋重耳,邺,邺,一般,120,2000,45,47,76,98,61,327,初,初,熟,初,初,初,2,1248,男,17,法治,140-法治,所在城治安不会下降,,,,,,,150,130,229
55,韩非,,晋重耳,晋重耳,邺,邺,一般,120,2000,51,49,78,102,70,350,初,初,初,初,初,初,3,1249,男,19,精妙,20-精妙,击破敌方部队时所获得的技巧点数增为２倍,,,,,,,195,175,274
56,庄周,子休,,,邺,邺,未发现,0,0,15,38,84,66,75,278,初,初,初,初,初,初,2,1250,男,24,清谈,147-清谈,登用无归属武将失败时进入舌战,,,,,,,150,130,229
57,秦任好,,秦任好,秦任好,长安,长安,君主,120,2000,74,65,77,81,92,389,精,熟,熟,精,初,初,1,1251,男,0,亲羌,92-亲羌,所属都市的领内不会出现異族「羌族」的根据地,,,,,,,150,130,229
58,百里奚,,秦任好,秦任好,长安,长安,一般,120,2000,41,35,85,91,88,340,初,初,熟,初,初,初,1,1252,男,1,能吏,80-能吏,增加生产枪、戟、弩之兵装时的产量,,,,,,,150,130,229
59,蹇叔,,秦任好,秦任好,长安,长安,一般,120,2000,34,26,88,87,81,316,初,初,初,初,初,初,0,1253,男,1,规律,72-规律,可防止遭受部队计略「伪报」,,,,,,,150,130,229
60,贾诩,文和,,,许昌,许昌,未发现,0,0,56,50,94,78,57,335,初,初,初,熟,熟,初,0,42,男,20,料敌,132-料敌,敌方部队所施展部队计略成功的几率大幅降低,,,,,,,150,130,229
61,秦渠梁,,秦任好,秦任好,长安,长安,一般,120,2000,52,56,74,83,86,351,初,初,熟,熟,初,初,0,1254,男,0,特技255,,,,,,,,,195,175,274
62,商鞅,,秦任好,秦任好,长安,长安,一般,120,2000,64,57,81,118,44,364,初,熟,熟,熟,熟,初,0,1255,男,4,变法,139-变法,每旬行动力恢复量增加，穀仓和造币厂作用提升为２倍,,,,,,,150,130,229
63,郭嘉,奉孝,曹操,曹操,许昌,许昌,一般,120,2000,26,15,92,68,62,263,初,初,初,初,初,初,0,43,男,25,倾国,69-倾国,对没有女性的部队施战部队计略成功率增为２倍,,,,,,,150,130,229
64,樗里疾,,秦任好,秦任好,长安,长安,一般,120,2000,88,69,93,72,68,390,熟,精,极,精,极,熟,0,1256,男,0,百出,64-百出,部队计略的消费气力变为１,,,,,,,210,190,289
65,甘茂,,,,长安,长安,未发现,0,0,68,60,78,74,71,351,熟,熟,熟,初,精,熟,1,1257,男,3,特技255,,,,,,,,,150,130,229
66,张仪,,,,长安,长安,未发现,0,0,62,50,95,82,55,344,初,精,熟,初,熟,熟,1,1258,男,149,连环,66-连环,部队计略成功时，与对象部队邻接的部队也会遭受计略波及,,,,,,,150,130,229
67,公孙衍,,晋重耳,晋重耳,邺,邺,一般,120,2000,68,44,89,87,60,348,初,精,精,初,熟,熟,1,1259,男,16,论客,86-论客,於同盟、停战协定、交换俘虏时容易进入舌战,,,,,,,150,130,229
68,魏冉,,秦任好,秦任好,长安,长安,一般,120,2000,83,66,76,78,51,354,熟,精,精,熟,极,精,1,1260,男,149,富豪,87-富豪,每个月的所属都市的资金收入增为1.5倍,,,,,,,150,131,229
69,乐进,文谦,曹操,曹操,许昌,许昌,一般,120,2000,76,88,48,42,55,309,精,熟,初,熟,极,初,1,78,男,22,攻城,17-攻城,攻击据点、设施、建築物时施展会心一击,,,,,,,150,130,229
70,范雎,叔,,,长安,长安,未发现,0,0,44,30,92,85,57,308,初,初,熟,初,初,初,0,1261,男,4,诡计,56-诡计,对智力比自己低的敌方部队施展部队计略「内讧」时，必定会成功,,,,,,,150,130,229
71,白起,,秦任好,秦任好,长安,长安,一般,120,2000,113,83,85,22,45,348,圣,极,神,精,极,熟,0,1262,男,1,战神,123-战神,战法爆击时对敌方部队形成较高的伤害,,,,,,,150,130,229
72,王翦,,秦任好,秦任好,长安,长安,一般,120,2000,98,73,78,64,58,371,精,极,圣,精,极,精,0,1263,男,1,弓神,44-弓神,弩兵战法成功时施展会心一击,,,,,,,150,130,229
73,嬴政,,秦任好,秦任好,长安,长安,一般,120,2000,63,74,86,110,67,400,初,熟,精,初,初,初,0,1264,男,0,威压,95-威压,所属都市的领内不容易出现盗贼或異族的根据地,,,,,,,270,250,349
74,吕不韦,,秦任好,秦任好,长安,长安,一般,120,2000,25,40,84,76,80,305,初,初,初,初,初,初,3,1265,男,2,商才,119-商才,单次交易上限翻倍，且交易效果上升,,,,,,,150,130,229
75,李斯,,秦任好,秦任好,长安,长安,一般,120,2000,22,36,82,97,48,285,初,初,初,初,初,初,0,1266,男,147,法治,140-法治,所在城治安不会下降,,,,,,,150,130,229
76,蒙骜,,秦任好,秦任好,长安,长安,一般,120,2000,82,80,55,41,54,312,精,熟,精,熟,极,初,0,1267,男,2,攻城,17-攻城,攻击据点、设施、建築物时施展会心一击,,,,,,,150,130,229
77,蒙恬,,秦任好,秦任好,长安,长安,一般,120,2000,90,78,68,70,75,381,精,精,极,极,精,初,0,1268,男,2,築城,77-築城,军事设施建设的耐久上昇量增为２倍,,,,,,,180,160,259
78,夏侯渊,妙才,曹操,曹操,许昌,许昌,一般,120,2000,82,82,48,43,51,306,熟,熟,极,极,熟,初,0,6,男,24,突袭,13-突袭,於陆上攻击时，有50％的機率不会受到损伤,,,,,,,210,190,289
79,王贲,,秦任好,秦任好,长安,长安,一般,120,2000,82,79,63,46,46,316,精,精,精,熟,精,熟,0,1269,男,1,神臂,129-神臂,使弩兵的射程增加１区格,,,,,,,165,145,244
80,李信,,,,长安,长安,未发现,0,0,74,81,44,39,38,276,熟,熟,精,精,初,初,0,1270,男,149,长驱,3-长驱,增加骑兵部队的移动力,,,,,,,150,130,229
81,尉缭,,,,长安,长安,未发现,0,0,78,46,91,77,64,356,精,精,熟,熟,精,熟,0,1271,男,3,指导,84-指导,研究技巧时的费用减半,,,,,,,150,130,229
82,章邯,,秦任好,秦任好,长安,长安,一般,120,2000,81,75,59,52,54,321,精,精,熟,精,精,熟,0,1272,男,146,扫荡,9-扫荡,被攻击的敌方部队气力减少（小）,,,,,,,150,130,229
83,甘罗,,,,长安,长安,未发现,0,0,10,10,84,69,70,243,初,初,初,初,初,初,0,1273,男,2,特技255,,,,,,,,,180,160,259
84,司马错,,秦任好,秦任好,长安,长安,一般,120,2000,86,63,79,71,60,359,熟,精,精,初,精,精,1,1274,男,149,踏破,6-踏破,无栈道通行的损害；减轻落石的损伤。,,,,,,,150,130,229
85,夏侯惇,元让,曹操,曹操,许昌,许昌,一般,120,2000,75,84,56,69,67,351,精,熟,初,精,熟,初,0,1007,男,24,屯田,78-屯田,所属於关所、港口时，士兵不会消费兵粮,,,,,,,210,190,289
86,楚熊侣,,楚熊侣,楚熊侣,江陵,江陵,君主,120,2000,81,72,83,90,93,419,精,极,精,初,精,精,0,1275,男,100,威压,95-威压,所属都市的领内不容易出现盗贼或異族的根据地,,,,,,,150,130,229
87,令尹子文,,楚熊侣,楚熊侣,江陵,江陵,一般,120,2000,60,45,93,88,96,382,熟,初,熟,熟,初,精,1,1276,男,101,伯乐,146-伯乐,所在城市可以登用非己方势力所属城市的在野武将,,,,,,,150,130,229
88,慎到,,齐小白,齐小白,北海,北海,一般,120,2000,29,39,77,83,69,297,初,初,初,初,初,初,1,1225,男,63,特技255,,,,,,,,,150,130,229
89,桓石虔,镇恶,,,寿春,寿春,未发现,0,0,74,94,54,52,65,339,精,熟,熟,熟,精,精,1,1868,男,26,血路,33-血路,就算部队溃灭，同部队的武将也不会被俘虏,,,,,,,165,145,244
90,孙叔敖,,楚熊侣,楚熊侣,江陵,江陵,一般,120,2000,74,58,79,89,84,384,熟,熟,初,初,极,精,1,1277,男,97,循史,137-循史,增加建设内政设施的速度,,,,,,,150,130,229
91,申公巫臣,子灵,楚熊侣,楚熊侣,江陵,江陵,一般,120,2000,67,66,88,78,73,372,初,熟,初,初,精,精,2,1278,男,104,指导,84-指导,研究技巧时的费用减半,,,,,,,150,130,229
92,养由基,,楚熊侣,楚熊侣,江陵,江陵,一般,120,2000,71,89,61,37,75,333,初,初,极,初,初,精,2,1279,男,99,狙击,128-狙击,施展射击战法时，使敌将负伤機率增加,,,,,,,150,130,229
93,申包胥,,楚熊侣,楚熊侣,江陵,江陵,一般,120,2000,58,63,71,74,85,351,初,初,初,初,熟,熟,3,1280,男,102,不屈,27-不屈,若在部队的士兵不多时被攻击，有50％的機率不会受到损伤,,,,,,,150,130,229
94,沈尹戌,,楚熊侣,楚熊侣,江陵,江陵,一般,120,2000,82,70,84,79,80,395,熟,精,熟,初,精,精,1,1296,男,100,不屈,27-不屈,若在部队的士兵不多时被攻击，有50％的機率不会受到损伤,,,,,,,180,160,259
95,成得臣,子玉,楚熊侣,楚熊侣,江陵,江陵,一般,120,2000,83,76,56,51,57,323,精,极,精,熟,熟,极,1,1281,男,101,怒发,30-怒发,遭受敌方部队的战法攻击时，气力就会回復,,,,,,,150,130,229
96,昭阳,,楚熊侣,楚熊侣,江陵,江陵,一般,120,2000,78,62,68,70,76,354,熟,精,熟,初,精,精,1,1282,男,98,特技255,,,,,,,,,210,190,289
97,昭雎,,楚熊侣,楚熊侣,江陵,江陵,一般,120,2000,59,59,79,78,66,341,初,熟,熟,初,熟,精,2,1283,男,98,特技255,,,,,,,,,150,130,229
98,关羽,雲长,刘备,刘备,永安,永安,一般,120,2000,83,103,65,42,85,378,精,极,熟,熟,初,精,0,2,男,75,神将,40-神将,对武力比自己低的敌方部队施展一般攻击及战法成功时会心一击,,,,,,,150,130,229
99,陈轸,,,,江陵,江陵,未发现,0,0,24,33,91,72,59,279,初,初,初,初,初,初,3,1284,男,104,诡计,56-诡计,对智力比自己低的敌方部队施展部队计略「内讧」时，必定会成功,,,,,,,150,130,229
100,屈平,原,楚熊侣,楚熊侣,江陵,江陵,一般,120,2000,35,37,75,76,96,319,初,初,初,初,初,熟,1,1285,男,100,诗想,76-诗想,军乐台的回復气力效果增为２倍,,,,,,,150,130,229
101,黄歇,,楚熊侣,楚熊侣,江陵,江陵,一般,120,2000,50,52,83,76,91,352,初,初,初,初,初,熟,1,1286,男,97,名声,79-名声,增加徵兵时的士兵数,,,,,,,150,130,229
102,项燕,,楚熊侣,楚熊侣,江陵,江陵,一般,120,2000,79,77,51,45,62,314,极,精,精,熟,熟,精,1,1287,男,100,突袭,13-突袭,於陆上攻击时，有50％的機率不会受到损伤,,,,,,,150,130,229
103,老聃,,,,江陵,江陵,未发现,0,0,30,42,90,88,118,368,初,初,初,初,初,初,3,1288,男,96,解毒,8-解毒,预防毒泉的伤害,,,,,,,150,130,229
104,荀况,卿,,,江陵,江陵,未发现,0,0,35,31,84,86,82,318,初,初,初,初,初,初,3,1289,男,96,贤哲,138-贤哲,所属势力每月增加一定量的技巧值,,,,,,,150,130,229
105,越勾践,,越勾践,越勾践,会稽,会稽,君主,120,2000,81,75,70,63,69,358,极,极,精,初,初,熟,2,1290,男,120,激励,145-激励,如果使用战法成功，则有機率可再行动一次,,,,,,,150,130,229
106,范蠡,少伯,越勾践,越勾践,会稽,会稽,一般,120,2000,83,50,116,89,79,417,精,精,熟,初,精,精,1,1291,男,116,商才,119-商才,单次交易上限翻倍，且交易效果上升,,,,,,,150,130,229
107,文种,子禽,越勾践,越勾践,会稽,会稽,一般,120,2000,31,36,97,92,63,319,初,初,初,初,初,初,1,2024,男,117,妙计,58-妙计,对智力比自己低的敌方部队施展部队计略成功时会心一击,,,,,,,150,130,229
108,灵姑浮,,越勾践,越勾践,会稽,会稽,一般,120,2000,68,83,35,43,54,283,熟,精,精,初,初,精,1,1293,男,121,亲越,93-亲越,所属都市的领内不会出现異族「山越」的根据地,,,,,,,150,130,229
109,吴阖闾,,吴阖闾,吴阖闾,吴,吴,君主,120,2000,83,74,75,79,82,393,熟,极,熟,初,熟,精,1,1294,男,20,连击,12-连击,施展一般攻击时，有50％的機率可连续攻击２次,,,,,,,165,145,244
110,吴夫差,,吴阖闾,吴阖闾,吴,吴,一般,120,2000,73,81,57,46,69,326,初,熟,熟,初,熟,极,0,1295,男,18,特技255,,,,,,,,,180,160,259
111,吴季札,,吴阖闾,吴阖闾,吴,吴,一般,120,2000,43,47,78,87,97,352,初,初,初,初,初,熟,3,2087,男,23,亲和,142-亲和,实行亲善所能提升的友好度加倍,,,,,,,150,130,229
112,吴庆忌,,吴阖闾,吴阖闾,吴,吴,一般,120,2000,65,96,49,48,90,348,熟,精,精,初,初,极,2,1297,男,24,猛者,51-猛者,以战法让敌方部队移动区格时，有50％的機率可让敌将负伤,,,,,,,180,160,259
113,孙武,长卿,,,吴,吴,未发现,0,0,120,61,105,78,80,444,极,极,精,熟,神,极,1,1298,男,24,兵圣,120-兵圣,部队所受物理伤害减半,,,,,,,195,175,274
114,伍员,子胥,吴阖闾,吴阖闾,吴,吴,一般,120,2000,92,88,84,90,56,410,极,极,精,熟,精,精,1,1299,男,62,怒发,30-怒发,遭受敌方部队的战法攻击时，气力就会回復,,,,,,,150,130,229
115,燕职,,燕职,燕职,北平,北平,君主,120,2000,56,53,73,80,91,353,初,初,初,熟,熟,初,1,1300,男,5,特技255,,,,,,,,,150,130,229
116,谢安,安石,司马懿,司马懿,寿春,寿春,一般,120,2000,49,32,86,109,106,382,初,初,初,初,初,熟,1,2022,男,34,名声,79-名声,增加徵兵时的士兵数,,,,,,,150,130,229
117,郭隗,,燕职,燕职,北平,北平,一般,120,2000,21,27,74,74,78,274,初,初,初,初,初,初,3,1301,男,5,特技255,,,,,,,,,150,130,229
118,甘寧,兴霸,,,长沙,长沙,未发现,0,0,76,92,58,32,50,308,极,熟,精,熟,熟,极,0,1017,男,129,水将,38-水将,对武力比自己低的敌方部队施展水军战法成功时会心一击,,,,,,,210,190,289
119,乐毅,,,,北平,北平,未发现,0,0,96,68,90,94,94,442,极,极,精,精,神,初,0,1302,男,8,攻心,22-攻心,攻击时可将敌方部队的一部分士兵吸收到自军部队中,,,,,,,195,175,274
120,苏秦,季子,,,北平,北平,未发现,0,0,15,31,94,81,64,285,初,初,初,初,初,初,3,1303,男,6,反计,68-反计,若识破部队计略，就可对其施展同样的计略,,,,,,,150,131,229
121,苏代,,,,北平,北平,未发现,0,0,22,29,90,74,60,275,初,初,初,初,初,初,3,2018,男,6,言毒,54-言毒,对智力比自己低的敌方部队施展部队计略「伪报」时，必定会成功,,,,,,,150,130,229
122,剧辛,,,,北平,北平,未发现,0,0,66,51,75,83,71,346,熟,精,熟,精,熟,初,1,1305,男,9,特技255,,,,,,,,,150,130,229
123,盖延,巨卿,刘秀,刘秀,宛,宛,一般,120,2000,73,90,47,29,52,291,精,初,熟,精,熟,初,1,1368,男,68,乱战,15-乱战,於森林中攻击时施展会心一击,,,,,,,150,130,229
124,魏延,文长,,,永安,永安,未发现,0,0,78,82,64,34,41,299,精,精,精,熟,初,熟,0,15,男,80,踏破,6-踏破,无栈道通行的损害；减轻落石的损伤。,,,,,,,150,130,229
125,项梁,,项梁,项梁,下邳,下邳,君主,120,2000,77,72,72,62,81,364,精,精,熟,初,初,精,0,1306,男,100,特技255,,,,,,,,,165,145,244
126,项籍,羽,项梁,项梁,下邳,下邳,一般,120,2000,99,120,62,26,70,377,极,神,精,神,熟,精,0,1307,男,100,霸王,48-霸王,全战法成功时施展会心一击,,,,,,,180,160,259
127,叔向,,晋重耳,晋重耳,邺,邺,一般,120,2000,52,58,81,84,93,368,初,初,初,初,初,初,1,1220,男,25,明镜,74-明镜,可防止遭受部队计略的「伪报、擾乱」,,,,,,,180,160,259
128,子产,,晋重耳,晋重耳,邺,邺,一般,120,2000,64,56,86,93,94,393,熟,精,熟,初,熟,初,1,1223,男,26,指导,84-指导,研究技巧时的费用减半,,,,,,,150,130,229
129,范增,,项梁,项梁,下邳,下邳,一般,120,2000,42,19,97,80,63,301,熟,初,初,初,熟,初,0,1310,男,101,看破,60-看破,必定可识破智力比自己低的敌方部队所施展部队计略,,,,,,,150,130,229
130,英布,,项梁,项梁,下邳,下邳,一般,120,2000,80,97,46,22,54,299,精,精,初,精,初,极,1,1311,男,84,掎角,18-掎角,施展齐攻时，有50％的機率让对方陷入混乱,,,,,,,150,130,229
131,彭越,仲,项梁,项梁,下邳,下邳,一般,120,2000,89,81,67,34,66,337,极,精,熟,精,初,熟,1,1312,男,81,游侠,126-游侠,对兵力远多于己方的敌方部队施展战法成功时会心一击,,,,,,,150,130,229
132,韩信,,刘邦,刘邦,成都,成都,一般,120,2000,116,74,88,43,60,381,神,圣,极,极,精,精,0,1313,男,80,兵仙,122-兵仙,对统率较低的部队施展战法必成功,,,,,,,150,130,229
133,龙且,,项梁,项梁,下邳,下邳,一般,120,2000,81,98,48,30,49,306,熟,精,熟,极,熟,熟,1,1314,男,99,疾驰,49-疾驰,对攻击力比自部队低的敌方部队施展骑兵战法成功时，必使其陷入混乱,,,,,,,150,130,229
134,钟离昧,,项梁,项梁,下邳,下邳,一般,120,2000,73,85,56,41,55,310,精,精,精,熟,初,熟,1,1315,男,96,乱战,15-乱战,於森林中攻击时施展会心一击,,,,,,,150,130,229
135,季布,,项梁,项梁,下邳,下邳,一般,120,2000,71,82,63,59,83,358,熟,熟,熟,精,熟,初,3,1316,男,94,不屈,27-不屈,若在部队的士兵不多时被攻击，有50％的機率不会受到损伤,,,,,,,150,130,229
136,姜维,伯约,,,永安,永安,未发现,0,0,81,78,76,57,60,352,精,熟,精,精,熟,初,0,451,男,70,反计,68-反计,若识破部队计略，就可对其施展同样的计略,,,,,,,150,130,229
137,陈平,,刘邦,刘邦,成都,成都,一般,120,2000,49,48,110,88,56,351,初,初,初,初,初,初,0,1317,男,79,倾国,69-倾国,对没有女性的部队施战部队计略成功率增为２倍,,,,,,,150,130,229
138,蒯彻,,,,下邳,下邳,未发现,0,0,36,41,92,76,48,293,初,初,初,初,初,初,1,1318,男,86,言毒,54-言毒,对智力比自己低的敌方部队施展部队计略「伪报」时，必定会成功,,,,,,,150,130,229
139,李左车,,,,下邳,下邳,未发现,0,0,78,56,89,60,59,342,熟,熟,熟,精,精,初,1,1319,男,82,料敌,132-料敌,敌方部队所施展部队计略成功的几率大幅降低,,,,,,,180,160,259
140,刘备,玄德,刘备,刘备,永安,永安,君主,120,2000,79,77,74,80,108,418,熟,精,熟,熟,初,熟,0,36,男,75,遁走,1-遁走,於陆上时不考虑ＺＯＣ,,,,,,,225,205,304
141,刘彻,,刘邦,刘邦,成都,成都,一般,120,2000,68,72,84,112,78,414,熟,熟,熟,熟,熟,熟,0,1321,男,75,威压,95-威压,所属都市的领内不容易出现盗贼或異族的根据地,,,,,,,195,175,274
142,张良,子房,刘邦,刘邦,成都,成都,一般,120,2000,62,18,120,89,84,373,初,熟,熟,初,熟,初,0,1322,男,75,神算,63-神算,对智力比自己低的敌方部队施展计略必会成功；於全计略有所優势,,,,,,,150,130,229
143,萧何,,刘邦,刘邦,成都,成都,一般,120,2000,43,31,87,113,79,353,初,初,初,初,初,初,0,1907,男,75,后勤,141-后勤,所属据点的军队耗费军粮由据点供给一半,,,,,,,150,130,229
144,许褚,仲康,曹操,曹操,许昌,许昌,一般,120,2000,58,96,28,28,39,249,精,熟,初,熟,初,初,1,12,男,25,金刚,28-金刚,在敌方攻击力微弱时被攻击的话，有50％的機率不会受到损伤,,,,,,,150,130,229
145,曹参,敬伯,刘邦,刘邦,成都,成都,一般,120,2000,84,80,71,92,72,399,精,极,熟,初,极,初,0,1324,男,74,特技151,,,,,,,,,150,130,229
146,樊哙,,刘邦,刘邦,成都,成都,一般,120,2000,77,96,31,37,40,281,精,精,初,初,精,初,0,1325,男,75,护卫,52-护卫,同部队的武将不会战死、负伤,,,,,,,150,130,229
147,灌婴,,刘邦,刘邦,成都,成都,一般,120,2000,80,86,46,50,53,315,熟,熟,熟,极,熟,初,0,1326,男,74,骑将,37-骑将,对武力比自己低的敌方部队施展骑兵战法成功时会心一击,,,,,,,150,130,229
148,夏侯婴,,刘邦,刘邦,成都,成都,一般,120,2000,74,82,58,43,75,332,熟,精,熟,熟,熟,初,0,1327,男,74,特技255,,,,,,,,,150,130,229
149,周勃,,刘邦,刘邦,成都,成都,一般,120,2000,81,83,59,53,57,333,熟,精,熟,精,极,熟,0,1329,男,74,攻城,17-攻城,攻击据点、设施、建築物时施展会心一击,,,,,,,150,130,229
150,孙坚,文台,孙坚,孙坚,长沙,长沙,君主,120,2000,82,86,67,64,70,369,极,精,初,精,初,极,0,62,男,125,强袭,14-强袭,於水上攻击时，有50％的機率不会受到损伤,,,,,,,225,205,304
151,周亚夫,,刘邦,刘邦,成都,成都,一般,120,2000,94,71,64,39,50,318,精,极,极,精,精,熟,0,1331,男,74,治军,130-治军,物理攻击眩晕效果免疫,,,,,,,165,145,244
152,张苍,,刘邦,刘邦,成都,成都,一般,120,2000,61,67,82,76,56,342,熟,熟,初,初,精,初,0,1332,男,71,特技255,,,,,,,,,150,130,229
153,贾谊,,刘邦,刘邦,成都,成都,一般,120,2000,14,17,79,84,65,259,初,初,初,初,初,初,3,2020,男,79,规律,72-规律,可防止遭受部队计略「伪报」,,,,,,,150,130,229
154,袁盎,丝,刘邦,刘邦,成都,成都,一般,120,2000,60,57,78,75,82,352,熟,初,初,初,熟,初,3,1334,男,79,特技255,,,,,,,,,150,130,229
155,晁错,,刘邦,刘邦,成都,成都,一般,120,2000,50,43,80,91,29,293,初,熟,熟,初,初,初,0,1335,男,74,秘计,59-秘计,对智力比自己高的敌方部队施展部队计略成功时会心一击,,,,,,,150,130,229
156,汲黯,长孺,,,成都,成都,未发现,0,0,20,12,74,82,49,237,初,初,初,初,初,初,0,1336,男,77,循史,137-循史,增加建设内政设施的速度,,,,,,,150,130,229
157,主父偃,,,,成都,成都,未发现,0,0,29,23,72,85,46,255,初,初,初,初,初,初,0,1337,男,71,言毒,54-言毒,对智力比自己低的敌方部队施展部队计略「伪报」时，必定会成功,,,,,,,150,130,229
158,桑弘羊,,,,成都,成都,未发现,0,0,18,26,77,95,35,251,初,初,初,初,初,初,0,1338,男,72,徵税,89-徵税,每回合所属都市都会有资金收入（一次收入将减半）,,,,,,,150,130,229
159,董仲舒,,,,成都,成都,未发现,0,0,16,20,75,86,89,286,初,初,初,初,初,初,3,1339,男,76,指导,84-指导,研究技巧时的费用减半,,,,,,,150,130,229
160,东方朔,曼倩,,,成都,成都,未发现,0,0,47,63,87,71,58,326,初,初,初,初,初,初,3,1340,男,76,特技255,,,,,,,,,150,130,229
161,司马相如,长卿,,,成都,成都,未发现,0,0,26,64,81,69,78,318,初,初,初,初,初,初,3,1341,男,77,诗想,76-诗想,军乐台的回復气力效果增为２倍,,,,,,,150,130,229
162,卫青,仲卿,刘邦,刘邦,成都,成都,一般,120,2000,106,84,69,53,73,385,神,极,精,神,熟,熟,0,1342,男,75,驱逐,23-驱逐,对武力比自己低的敌方部队施展一般攻击时会成为会心一击,,,,,,,150,131,229
163,刘基,伯温,朱元璋,朱元璋,建业,建业,一般,120,2000,53,45,113,85,77,373,熟,熟,初,初,初,熟,0,1392,男,90,倾国,69-倾国,对没有女性的部队施战部队计略成功率增为２倍,,,,,,,150,130,229
164,霍去病,,刘邦,刘邦,成都,成都,一般,120,2000,107,87,52,16,31,293,极,精,极,圣,初,初,0,1343,男,75,骑神,45-骑神,骑兵战法成功时施展会心一击,,,,,,,165,145,244
165,杨朱,子居,,,邺,邺,未发现,0,0,12,39,80,71,52,254,初,初,初,初,初,初,3,1292,男,24,特技255,,,,,,,,,150,130,229
166,霍光,子孟,刘邦,刘邦,成都,成都,一般,120,2000,46,39,72,90,83,330,初,熟,初,初,初,初,3,1344,男,75,辅佐,26-辅佐,即使没建立人际关係（厌恶除外）也可获得支援攻击,,,,,,,165,146,244
167,金日磾,翁叔,,,成都,成都,未发现,0,0,55,73,64,72,74,338,初,熟,熟,精,初,初,3,1345,男,72,繁殖,81-繁殖,增加生产军马之兵装时的产量,,,,,,,150,130,229
168,司马迁,子长,刘邦,刘邦,成都,成都,一般,120,2000,31,9,73,80,76,269,初,初,初,初,初,初,3,1346,男,76,明镜,74-明镜,可防止遭受部队计略的「伪报、擾乱」,,,,,,,150,130,229
169,张骞,子文,,,成都,成都,未发现,0,0,65,74,72,66,83,360,熟,熟,初,熟,熟,初,0,1347,男,73,特技153,,,,,,,,,150,130,229
170,李广,,刘邦,刘邦,成都,成都,一般,120,2000,76,98,61,25,90,350,精,熟,极,极,初,初,0,1348,男,71,飞将,0-飞将,於陆上时不考虑ＺＯＣ、对武力低的敌部队施展战法成功时会心一击,,,,,,,195,175,274
171,李陵,少卿,刘邦,刘邦,成都,成都,一般,120,2000,86,82,57,37,82,344,精,极,极,熟,精,初,0,1349,男,70,神臂,129-神臂,使弩兵的射程增加１区格,,,,,,,225,205,304
172,苏武,子卿,,,成都,成都,未发现,0,0,44,63,70,73,85,335,初,初,初,熟,初,初,0,1350,男,74,不屈,27-不屈,若在部队的士兵不多时被攻击，有50％的機率不会受到损伤,,,,,,,150,130,229
173,赵充国,翁孙,刘邦,刘邦,成都,成都,一般,120,2000,87,80,77,71,77,392,精,精,精,极,熟,初,0,1351,男,77,屯田,78-屯田,所属於关所、港口时，士兵不会消费兵粮,,,,,,,150,130,229
174,冯奉世,子明,刘邦,刘邦,成都,成都,一般,120,2000,85,79,73,65,68,370,精,熟,熟,精,极,初,0,1352,男,77,扫荡,9-扫荡,被攻击的敌方部队气力减少（小）,,,,,,,150,130,229
175,陈汤,子公,,,成都,成都,未发现,0,0,83,76,86,62,33,340,熟,精,极,精,极,初,0,1353,男,78,长驱,3-长驱,增加骑兵部队的移动力,,,,,,,150,130,229
176,丙吉,少卿,刘邦,刘邦,成都,成都,一般,120,2000,23,56,75,93,78,325,初,初,初,初,初,初,3,1354,男,76,仁政,96-仁政,所属相同的武将之每个月的忠诚不会下降,,,,,,,150,130,229
177,萧望之,长倩,,,成都,成都,未发现,0,0,21,22,78,83,74,278,初,初,初,初,初,初,3,1355,男,71,特技255,,,,,,,,,150,130,229
178,魏相,弱翁,刘邦,刘邦,成都,成都,一般,120,2000,47,37,79,94,66,323,初,初,初,初,初,初,3,1356,男,76,能吏,80-能吏,增加生产枪、戟、弩之兵装时的产量,,,,,,,150,130,229
179,李善长,百室,朱元璋,朱元璋,建业,建业,一般,120,2000,42,41,86,90,61,320,初,初,初,初,初,熟,0,2023,男,89,能吏,80-能吏,增加生产枪、戟、弩之兵装时的产量,,,,,,,150,130,229
180,拓跋珪,,拓跋珪,拓跋珪,蓟,蓟,君主,120,2000,88,79,66,72,61,366,精,熟,精,极,熟,初,1,1495,男,145,强行,2-强行,增加兵器、输送部队以外的陆上部队之移动力,,,,,,,165,145,244
181,宋濂,景濂,朱元璋,朱元璋,建业,建业,一般,120,2000,19,38,78,86,90,311,初,初,初,初,初,初,0,1725,男,89,精妙,20-精妙,击破敌方部队时所获得的技巧点数增为２倍,,,,,,,150,130,229
182,徐达,天德,朱元璋,朱元璋,建业,建业,一般,120,2000,102,84,77,66,83,412,极,神,熟,精,极,极,0,1393,男,91,攻心,22-攻心,攻击时可将敌方部队的一部分士兵吸收到自军部队中,,,,,,,150,130,229
183,郦商,,刘邦,刘邦,成都,成都,一般,120,2000,75,81,42,40,59,297,精,精,初,精,熟,初,0,1328,男,73,特技255,,,,,,,,,150,130,229
184,曹操,孟德,曹操,曹操,许昌,许昌,君主,120,2000,101,75,91,94,90,451,极,神,精,精,精,初,0,60,男,25,虚实,57-虚实,对智力比自己低的敌方部队施展全部队计略时，必定会成功,,,,,,,150,130,229
185,黄忠,汉升,刘备,刘备,永安,永安,一般,120,2000,76,91,53,47,58,325,精,熟,精,初,精,熟,1,1023,男,72,弓将,36-弓将,对武力比自己低的敌方部队施展弩兵战法成功时会心一击,,,,,,,150,130,229
186,邓禹,仲华,刘秀,刘秀,宛,宛,一般,120,2000,81,63,89,77,84,394,精,精,精,熟,精,初,0,1361,男,70,伯乐,146-伯乐,所在城市可以登用非己方势力所属城市的在野武将,,,,,,,150,130,229
187,吴汉,子颜,刘秀,刘秀,宛,宛,一般,120,2000,87,84,69,61,35,336,精,熟,精,极,极,初,0,1362,男,72,骑将,37-骑将,对武力比自己低的敌方部队施展骑兵战法成功时会心一击,,,,,,,150,130,229
188,寇恂,子翼,刘秀,刘秀,宛,宛,一般,120,2000,79,59,85,89,81,393,熟,熟,精,精,熟,初,2,1363,男,73,后勤,141-后勤,所属据点的军队耗费军粮由据点供给一半,,,,,,,150,130,229
189,皇甫嵩,义真,刘秀,刘秀,宛,宛,一般,120,2000,79,71,65,64,78,357,精,熟,精,初,极,熟,0,201,男,68,扫荡,9-扫荡,被攻击的敌方部队气力减少（小）,,,,,,,165,145,244
190,来歙,君叔,刘秀,刘秀,宛,宛,一般,120,2000,82,60,87,78,77,384,精,极,精,熟,精,熟,0,1376,男,70,亲和,142-亲和,实行亲善所能提升的友好度加倍,,,,,,,150,130,229
191,岑彭,君然,刘秀,刘秀,宛,宛,一般,120,2000,89,77,78,56,77,377,熟,精,极,熟,精,极,0,1364,男,71,昂扬,11-昂扬,打倒敌方部队就可回復气力,,,,,,,150,130,229
192,冯异,公孙,刘秀,刘秀,宛,宛,一般,120,2000,88,75,81,70,80,394,极,精,精,精,精,初,0,1365,男,71,攻心,22-攻心,攻击时可将敌方部队的一部分士兵吸收到自军部队中,,,,,,,150,130,229
193,贾复,君文,刘秀,刘秀,宛,宛,一般,120,2000,80,85,73,73,62,373,精,精,熟,熟,极,熟,0,1366,男,73,陷阵,133-陷阵,能对敌方施展的战法予以强势的反击,,,,,,,150,130,229
194,耿弇,伯昭,刘秀,刘秀,宛,宛,一般,120,2000,93,79,81,67,70,390,精,精,精,极,极,初,0,1367,男,68,破竹,135-破竹,打倒敌方部队後，周围敌方部队也会减少气力,,,,,,,150,130,229
195,祭遵,弟孙,刘秀,刘秀,宛,宛,一般,120,2000,79,77,68,68,70,362,精,熟,熟,精,精,熟,0,1374,男,74,安民,136-安民,攻破敌方城池后可保留全部内政设施,,,,,,,150,130,229
196,马援,文渊,刘秀,刘秀,宛,宛,一般,120,2000,85,80,80,82,87,414,极,熟,精,极,熟,精,0,1377,男,70,繁殖,81-繁殖,增加生产军马之兵装时的产量,,,,,,,195,175,274
197,臧宫,君翁,刘秀,刘秀,宛,宛,一般,120,2000,75,87,62,50,53,327,熟,熟,初,极,熟,精,0,1369,男,67,长驱,3-长驱,增加骑兵部队的移动力,,,,,,,150,130,229
198,常遇春,伯仁,朱元璋,朱元璋,建业,建业,一般,120,2000,96,94,64,54,65,373,极,精,精,极,精,极,0,1394,男,91,勇将,39-勇将,对武力比自己低的敌方部队施展全战法成功时会心一击,,,,,,,150,130,229
199,铫期,次况,刘秀,刘秀,宛,宛,一般,120,2000,69,94,32,51,76,322,精,初,初,精,初,初,1,1370,男,73,猛者,51-猛者,以战法让敌方部队移动区格时，有50％的機率可让敌将负伤,,,,,,,150,130,229
200,马武,子张,刘秀,刘秀,宛,宛,一般,120,2000,72,95,30,44,60,301,熟,精,初,熟,初,初,1,1371,男,73,金刚,28-金刚,在敌方攻击力微弱时被攻击的话，有50％的機率不会受到损伤,,,,,,,150,130,229
201,陈俊,子昭,刘秀,刘秀,宛,宛,一般,120,2000,77,81,64,65,61,348,精,精,极,初,初,熟,2,1372,男,67,弓将,36-弓将,对武力比自己低的敌方部队施展弩兵战法成功时会心一击,,,,,,,150,130,229
202,李膺,元礼,,,宛,宛,未发现,0,0,74,70,74,77,84,379,精,精,熟,熟,熟,初,1,1389,男,73,眼力,85-眼力,若有未发现的在野人士时执行人材探索的话，必定会发现,,,,,,,150,130,229
203,祭肜,次孙,刘秀,刘秀,宛,宛,一般,120,2000,80,88,59,70,79,376,精,熟,精,极,初,初,1,1375,男,74,亲乌,91-亲乌,所属都市的领内不会出现異族「乌丸」的根据地,,,,,,,150,130,229
204,窦融,周公,刘秀,刘秀,宛,宛,一般,120,2000,68,72,74,83,88,385,熟,熟,初,精,熟,初,1,1378,男,69,掎角,18-掎角,施展齐攻时，有50％的機率让对方陷入混乱,,,,,,,195,175,274
205,李文忠,思本,朱元璋,朱元璋,建业,建业,一般,120,2000,89,88,67,61,80,385,极,精,熟,极,精,精,0,1728,男,90,突袭,13-突袭,於陆上攻击时，有50％的機率不会受到损伤,,,,,,,150,130,229
206,窦宪,伯度,刘秀,刘秀,宛,宛,一般,120,2000,76,73,58,48,26,281,精,精,熟,精,熟,初,0,1379,男,69,特技255,,,,,,,,,240,220,319
207,班固,孟坚,刘秀,刘秀,宛,宛,一般,120,2000,57,50,78,76,72,333,初,熟,初,熟,初,初,0,1380,男,72,特技255,,,,,,,,,150,130,229
208,班超,仲升,刘秀,刘秀,宛,宛,一般,120,2000,90,78,91,80,76,415,极,精,极,熟,精,初,0,2007,男,72,特技153,,,,,,,,,150,131,229
209,虞诩,升卿,,,宛,宛,未发现,0,0,83,54,93,81,68,379,精,精,极,熟,精,熟,0,1383,男,71,料敌,132-料敌,敌方部队所施展部队计略成功的几率大幅降低,,,,,,,150,130,229
210,郑玄,康成,,,宛,宛,未发现,0,0,18,46,72,80,76,292,初,初,初,初,初,初,3,1381,男,67,贤哲,138-贤哲,所属势力每月增加一定量的技巧值,,,,,,,150,130,229
211,张衡,平子,,,宛,宛,未发现,0,0,27,39,84,75,71,296,初,初,初,初,熟,初,3,1382,男,66,发明,82-发明,生产兵器之兵装时所需的生产期间减半,,,,,,,150,130,229
212,张奂,然明,刘秀,刘秀,宛,宛,一般,120,2000,82,66,69,71,73,361,精,精,精,精,初,初,0,1384,男,67,亲羌,92-亲羌,所属都市的领内不会出现異族「羌族」的根据地,,,,,,,150,130,229
213,段熲,纪明,刘秀,刘秀,宛,宛,一般,120,2000,84,76,65,69,68,362,精,精,熟,极,初,初,0,1385,男,67,百战,127-百战,部队战法的消费气力变为五分之一,,,,,,,150,130,229
214,皇甫规,威明,刘秀,刘秀,宛,宛,一般,120,2000,81,69,71,67,76,364,精,精,熟,精,熟,初,0,1386,男,68,攻心,22-攻心,攻击时可将敌方部队的一部分士兵吸收到自军部队中,,,,,,,150,130,229
215,朱文正,,朱元璋,朱元璋,建业,建业,一般,120,2000,84,76,57,27,32,276,精,极,精,熟,精,精,1,1729,男,94,坚城,131-坚城,城防和士兵所受伤害减半,,,,,,,165,145,244
216,李固,子坚,,,宛,宛,未发现,0,0,39,41,75,85,88,328,初,初,初,初,初,初,0,1387,男,71,循史,137-循史,增加建设内政设施的速度,,,,,,,150,130,229
217,傅友德,,朱元璋,朱元璋,建业,建业,一般,120,2000,86,90,55,40,44,315,精,熟,熟,极,精,极,0,1730,男,92,连击,12-连击,施展一般攻击时，有50％的機率可连续攻击２次,,,,,,,150,130,229
218,杜乔,叔荣,,,宛,宛,未发现,0,0,44,31,71,78,85,309,初,初,初,初,初,初,3,1388,男,71,规律,72-规律,可防止遭受部队计略「伪报」,,,,,,,150,130,229
219,沐英,文英,朱元璋,朱元璋,建业,建业,一般,120,2000,76,73,72,79,83,383,熟,熟,极,精,精,熟,1,1732,男,90,亲蛮,94-亲蛮,所属都市的领内不会出现異族「南蛮」的根据地,,,,,,,150,130,229
220,蓝玉,,朱元璋,朱元璋,建业,建业,一般,120,2000,92,86,56,20,37,291,精,精,精,极,精,精,0,1731,男,87,疾驰,49-疾驰,对攻击力比自部队低的敌方部队施展骑兵战法成功时，必使其陷入混乱,,,,,,,150,130,229
221,马隆,孝兴,,,寿春,寿春,未发现,0,0,80,79,76,42,55,332,熟,熟,极,熟,极,初,3,1172,男,28,射程,24-射程,使井阑、投石的射程增加１区格,,,,,,,150,130,229
222,周处,子隐,,,寿春,寿春,未发现,0,0,69,85,66,73,62,355,初,熟,初,熟,精,极,0,1173,男,35,水将,38-水将,对武力比自己低的敌方部队施展水军战法成功时会心一击,,,,,,,150,130,229
223,张方,,,,寿春,寿春,未发现,0,0,75,81,49,17,24,246,熟,熟,极,精,精,初,1,1174,男,25,掠夺,21-掠夺,击破敌方部队时，有機会夺取敌将的道具,,,,,,,150,130,229
224,苟唏,道将,,,寿春,寿春,未发现,0,0,82,72,60,70,37,321,精,极,精,熟,熟,熟,1,1175,男,27,铁壁,29-铁壁,就算被一齐攻击，也会视之为一般攻击,,,,,,,150,130,229
225,赵匡胤,,赵匡胤,赵匡胤,濮阳,濮阳,君主,120,2000,90,88,80,99,110,467,极,极,极,精,精,精,1,1357,男,60,仁政,96-仁政,所属相同的武将之每个月的忠诚不会下降,,,,,,,150,130,229
226,王导,茂弘,司马懿,司马懿,寿春,寿春,一般,120,2000,48,34,82,96,91,351,初,初,初,初,初,初,1,2085,男,32,能吏,80-能吏,增加生产枪、戟、弩之兵装时的产量,,,,,,,150,130,229
227,司马师,子元,司马懿,司马懿,寿春,寿春,一般,120,2000,74,64,80,75,63,356,精,熟,熟,熟,初,精,0,88,男,30,特技255,,,,,,,,,165,145,244
228,司马昭,子尚,司马懿,司马懿,寿春,寿春,一般,120,2000,66,60,78,78,71,353,熟,熟,精,熟,熟,熟,0,89,男,30,特技255,,,,,,,,,165,146,244
229,庾亮,元规,司马懿,司马懿,寿春,寿春,一般,120,2000,53,37,71,77,69,307,初,熟,初,初,初,精,3,1178,男,31,清谈,147-清谈,登用无归属武将失败时进入舌战,,,,,,,150,130,229
230,桓温,元子,,,寿春,寿春,未发现,0,0,91,76,90,68,60,385,极,极,精,熟,精,精,0,1179,男,26,虚实,57-虚实,对智力比自己低的敌方部队施展全部队计略时，必定会成功,,,,,,,150,130,229
231,谢玄,幼度,司马懿,司马懿,寿春,寿春,一般,120,2000,95,57,80,72,85,389,极,极,精,熟,精,神,1,1180,男,33,破竹,135-破竹,打倒敌方部队後，周围敌方部队也会减少气力,,,,,,,165,146,244
232,刘牢之,道坚,,,寿春,寿春,未发现,0,0,78,92,61,13,47,291,极,精,熟,熟,初,精,1,1910,男,33,特技151,,,,,,,,,240,220,319
233,陶侃,士行,司马懿,司马懿,寿春,寿春,一般,120,2000,84,67,74,81,74,380,熟,极,精,初,精,极,1,1182,男,34,造船,83-造船,生产舰船之兵装时所需的生产期间减半,,,,,,,150,130,229
234,刘琨,越石,司马懿,司马懿,寿春,寿春,一般,120,2000,68,73,72,73,86,372,精,精,精,熟,精,熟,2,1867,男,34,奏乐,75-奏乐,每回合回復自军部队的气力,,,,,,,240,220,319
235,祖逖,士稚,司马懿,司马懿,寿春,寿春,一般,120,2000,86,78,76,75,92,407,精,极,精,熟,精,精,0,1184,男,34,攻心,22-攻心,攻击时可将敌方部队的一部分士兵吸收到自军部队中,,,,,,,150,130,229
236,王敦,处仲,司马懿,司马懿,寿春,寿春,一般,120,2000,65,60,77,73,42,317,熟,精,熟,初,精,精,1,1185,男,32,特技255,,,,,,,,,150,130,229
237,温峤,太真,司马懿,司马懿,寿春,寿春,一般,120,2000,63,53,87,91,95,389,熟,熟,熟,熟,熟,熟,1,2025,男,33,機智,55-機智,对智力比自己低的敌方部队施展部队计略「擾乱」时，必定会成功,,,,,,,150,130,229
238,郗鉴,道徽,司马懿,司马懿,寿春,寿春,一般,120,2000,79,71,76,80,78,384,精,极,精,初,精,精,1,1187,男,29,操舵,5-操舵,增加水上的移动力,,,,,,,150,130,229
239,谢艾,,,,寿春,寿春,未发现,0,0,87,38,88,70,61,344,极,熟,精,精,极,初,1,2001,男,25,沉著,73-沉著,可防止遭受部队计略「擾乱」,,,,,,,150,130,229
240,王羲之,逸少,司马懿,司马懿,寿春,寿春,一般,120,2000,33,25,70,76,73,277,初,初,初,初,初,熟,3,1189,男,32,精妙,20-精妙,击破敌方部队时所获得的技巧点数增为２倍,,,,,,,165,145,244
241,王坦之,文度,司马懿,司马懿,寿春,寿春,一般,120,2000,39,27,69,83,72,290,初,初,初,初,熟,初,3,1190,男,28,法治,140-法治,所在城治安不会下降,,,,,,,150,130,229
242,桓冲,幼子,,,寿春,寿春,未发现,0,0,81,75,66,69,77,368,极,精,熟,初,精,精,1,2044,男,26,掎角,18-掎角,施展齐攻时，有50％的機率让对方陷入混乱,,,,,,,150,131,229
243,刘渊,元海,刘渊,刘渊,晋阳,晋阳,君主,120,2000,78,83,69,72,82,384,精,熟,精,极,精,初,0,2015,男,140,射手,50-射手,可於森林使用弩兵战法,,,,,,,180,160,259
244,刘聪,玄明,刘渊,刘渊,晋阳,晋阳,一般,120,2000,70,89,55,51,47,312,熟,初,精,精,熟,初,0,1193,男,140,怒发,30-怒发,遭受敌方部队的战法攻击时，气力就会回復,,,,,,,195,175,274
245,周瑜,公瑾,孙坚,孙坚,长沙,长沙,一般,120,2000,95,69,93,77,95,429,熟,精,极,初,精,神,0,490,男,125,火神,62-火神,对智力比自己低的敌方部队施展火计时必会成功；於全火攻有所優势,,,,,,,150,130,229
246,顾雍,元叹,,,长沙,长沙,未发现,0,0,43,20,74,82,65,284,初,初,初,初,初,初,1,181,男,123,循史,137-循史,增加建设内政设施的速度,,,,,,,150,130,229
247,刘曜,永明,刘渊,刘渊,晋阳,晋阳,一般,120,2000,79,94,63,59,51,346,熟,熟,极,精,精,初,1,1194,男,141,狙击,128-狙击,施展射击战法时，使敌将负伤機率增加,,,,,,,195,175,274
248,朱棣,,朱元璋,朱元璋,建业,建业,一般,120,2000,95,77,85,89,75,421,极,精,极,极,精,熟,0,1395,男,90,驱逐,23-驱逐,对武力比自己低的敌方部队施展一般攻击时会成为会心一击,,,,,,,165,145,244
249,李庠,玄序,李特,李特,梓潼,梓潼,一般,120,2000,75,85,55,61,77,353,精,精,精,熟,初,初,1,1445,男,85,乱战,15-乱战,於森林中攻击时施展会心一击,,,,,,,150,131,229
250,王弥,,刘渊,刘渊,晋阳,晋阳,一般,120,2000,75,85,79,53,30,322,精,精,精,熟,熟,初,1,1196,男,144,掠夺,21-掠夺,击破敌方部队时，有機会夺取敌将的道具,,,,,,,150,130,229
251,陈元达,长宏,刘渊,刘渊,晋阳,晋阳,一般,120,2000,29,30,77,74,75,285,初,初,初,初,初,初,1,1197,男,141,不屈,27-不屈,若在部队的士兵不多时被攻击，有50％的機率不会受到损伤,,,,,,,150,130,229
252,游子远,,刘渊,刘渊,晋阳,晋阳,一般,120,2000,74,59,72,75,72,352,初,精,熟,熟,极,初,1,1198,男,142,安民,136-安民,攻破敌方城池后可保留全部内政设施,,,,,,,150,130,229
253,石勒,世龙,石勒,石勒,平原,平原,君主,120,2000,87,89,58,63,73,370,精,初,精,极,熟,熟,0,2058,男,140,长驱,3-长驱,增加骑兵部队的移动力,,,,,,,150,130,229
254,荀彧,文若,曹操,曹操,许昌,许昌,一般,120,2000,42,24,96,95,93,350,初,熟,初,初,初,初,0,1044,男,26,伯乐,146-伯乐,所在城市可以登用非己方势力所属城市的在野武将,,,,,,,150,130,229
255,石虎,季龙,石勒,石勒,平原,平原,一般,120,2000,77,92,35,20,17,241,精,熟,熟,极,初,初,0,1401,男,143,掠夺,21-掠夺,击破敌方部队时，有機会夺取敌将的道具,,,,,,,165,145,244
256,张宾,孟孙,石勒,石勒,平原,平原,一般,120,2000,49,33,98,81,60,321,初,熟,初,初,熟,初,0,2026,男,139,百出,64-百出,部队计略的消费气力变为１,,,,,,,150,130,229
257,麻秋,,,,平原,平原,未发现,0,0,69,81,59,46,20,275,熟,初,精,精,熟,初,1,2012,男,138,特技255,,,,,,,,,150,130,229
258,冉闵,永曾,石勒,石勒,平原,平原,一般,120,2000,85,115,62,39,66,367,极,极,精,精,熟,初,0,1404,男,138,鬥神,41-鬥神,枪兵战法与戟兵战法施展成功时会心一击,,,,,,,150,130,229
259,荀攸,公达,曹操,曹操,许昌,许昌,一般,120,2000,53,26,95,83,84,341,熟,熟,初,初,初,初,0,157,男,26,百出,64-百出,部队计略的消费气力变为１,,,,,,,165,145,244
260,刘宣,士则,刘渊,刘渊,晋阳,晋阳,一般,120,2000,30,52,80,79,71,312,初,初,初,熟,初,初,1,1195,男,139,特技255,,,,,,,,,150,130,229
261,陈安,,,,晋阳,晋阳,未发现,0,0,68,86,21,16,79,270,初,初,熟,初,熟,初,2,1199,男,144,乱战,15-乱战,於森林中攻击时施展会心一击,,,,,,,150,130,229
262,蒋琬,公琰,,,永安,永安,未发现,0,0,63,28,73,83,72,319,初,熟,熟,初,精,熟,3,92,男,77,特技255,,,,,,,,,150,130,229
263,锺会,士季,,,许昌,许昌,未发现,0,0,70,52,81,74,55,332,熟,熟,精,初,精,初,0,93,男,22,秘计,59-秘计,对智力比自己高的敌方部队施展部队计略成功时会心一击,,,,,,,150,130,229
264,慕容廆,,慕容廆,慕容廆,襄平,襄平,君主,120,2000,69,75,73,82,84,383,熟,熟,熟,精,初,初,2,1405,男,5,亲乌,91-亲乌,所属都市的领内不会出现異族「乌丸」的根据地,,,,,,,150,130,229
265,慕容皝,元真,慕容廆,慕容廆,襄平,襄平,一般,120,2000,76,70,79,84,70,379,精,熟,熟,精,精,熟,2,1406,男,5,特技255,,,,,,,,,165,146,244
266,姚广孝,斯道,朱元璋,朱元璋,建业,建业,一般,120,2000,49,48,107,84,59,347,初,初,熟,初,初,初,0,1396,男,94,鬼谋,65-鬼谋,增广１区格可施展部队计略的範围,,,,,,,150,130,229
267,慕容翰,元邕,慕容廆,慕容廆,襄平,襄平,一般,120,2000,84,88,68,64,76,380,精,精,极,极,初,初,2,1407,男,5,白马,25-白马,未研究技巧「骑射」时也可施展骑射；骑射可施展会心一击,,,,,,,165,145,244
268,侯瑱,伯玉,,,零陵,零陵,未发现,0,0,74,82,51,43,45,295,熟,熟,精,初,熟,极,3,1408,男,111,特技255,,,,,,,,,150,130,229
269,慕容恪,玄恭,慕容廆,慕容廆,襄平,襄平,一般,120,2000,93,81,88,91,96,449,极,精,精,极,精,初,0,1874,男,5,连环,66-连环,部队计略成功时，与对象部队邻接的部队也会遭受计略波及,,,,,,,180,161,259
270,慕容垂,道明,慕容廆,慕容廆,襄平,襄平,一般,120,2000,95,90,91,69,81,426,极,精,极,极,熟,初,1,2050,男,5,深谋,67-深谋,部队计略成功时施展会心一击,,,,,,,180,162,259
271,慕容德,玄明,慕容廆,慕容廆,襄平,襄平,一般,120,2000,74,66,80,70,78,368,熟,熟,熟,精,熟,初,1,1411,男,5,辅佐,26-辅佐,即使没建立人际关係（厌恶除外）也可获得支援攻击,,,,,,,180,163,259
272,韩琦,稚圭,赵匡胤,赵匡胤,濮阳,濮阳,一般,120,2000,75,55,84,93,82,389,精,精,精,初,初,初,0,1417,男,64,屯田,78-屯田,所属於关所、港口时，士兵不会消费兵粮,,,,,,,150,130,229
273,富弼,彦国,赵匡胤,赵匡胤,濮阳,濮阳,一般,120,2000,57,56,82,85,91,371,初,熟,熟,初,初,初,1,1781,男,64,论客,86-论客,於同盟、停战协定、交换俘虏时容易进入舌战,,,,,,,150,130,229
274,慕容隆,,慕容廆,慕容廆,襄平,襄平,一般,120,2000,75,75,64,65,60,339,精,熟,熟,精,熟,初,2,1412,男,5,特技255,,,,,,,,,195,177,274
275,慕容农,,慕容廆,慕容廆,襄平,襄平,一般,120,2000,78,76,63,59,63,339,精,初,熟,极,精,初,2,1413,男,5,特技255,,,,,,,,,195,178,274
276,郦食其,,刘邦,刘邦,成都,成都,一般,120,2000,11,55,83,68,56,273,初,初,初,初,初,初,1,1869,男,73,论客,86-论客,於同盟、停战协定、交换俘虏时容易进入舌战,,,,,,,150,130,229
277,冼英,,,,零陵,零陵,未发现,0,0,67,65,81,82,98,393,精,熟,熟,初,熟,精,1,1414,女,115,亲越,93-亲越,所属都市的领内不会出现異族「山越」的根据地,,,,,,,150,130,229
278,裴嶷,文冀,,,襄平,襄平,未发现,0,0,68,45,81,81,65,340,初,初,熟,熟,熟,初,2,1415,男,9,安民,136-安民,攻破敌方城池后可保留全部内政设施,,,,,,,150,130,229
279,封弈,,,,襄平,襄平,未发现,0,0,71,63,70,66,61,331,精,熟,初,精,精,初,2,1418,男,7,扫荡,9-扫荡,被攻击的敌方部队气力减少（小）,,,,,,,150,130,229
280,扬雄,子雲,,,成都,成都,未发现,0,0,22,29,76,81,78,286,初,初,初,初,初,初,3,1872,男,72,精妙,20-精妙,击破敌方部队时所获得的技巧点数增为２倍,,,,,,,150,130,229
281,阳骛,士秋,,,襄平,襄平,未发现,0,0,60,48,83,86,77,354,熟,熟,熟,熟,精,初,3,1638,男,7,搬运,7-搬运,增加输送部队的移动力,,,,,,,150,130,229
282,诸葛瑾,子瑜,,,长沙,长沙,未发现,0,0,64,44,75,80,85,348,初,熟,精,初,初,精,3,46,男,123,掎角,18-掎角,施展齐攻时，有50％的機率让对方陷入混乱,,,,,,,150,130,229
283,皇甫真,楚季,,,襄平,襄平,未发现,0,0,67,50,87,77,64,345,精,精,熟,熟,熟,初,3,1419,男,8,料敌,132-料敌,敌方部队所施展部队计略成功的几率大幅降低,,,,,,,150,130,229
284,姚弋仲,,姚弋仲,姚弋仲,天水,天水,君主,120,2000,75,80,56,58,76,345,熟,熟,极,精,初,初,1,1421,男,135,繁殖,81-繁殖,增加生产军马之兵装时的产量,,,,,,,150,130,229
285,姚襄,景国,姚弋仲,姚弋仲,天水,天水,一般,120,2000,72,85,67,75,92,391,熟,熟,精,精,精,熟,1,1422,男,135,名声,79-名声,增加徵兵时的士兵数,,,,,,,165,145,244
286,姚苌,景茂,姚弋仲,姚弋仲,天水,天水,一般,120,2000,71,62,89,71,52,345,精,熟,熟,精,精,初,1,1423,男,135,反计,68-反计,若识破部队计略，就可对其施展同样的计略,,,,,,,165,146,244
287,权翼,,姚弋仲,姚弋仲,天水,天水,一般,120,2000,51,45,85,86,63,330,初,初,初,初,熟,初,1,1424,男,132,看破,60-看破,必定可识破智力比自己低的敌方部队所施展部队计略,,,,,,,150,130,229
288,尹纬,景亮,姚弋仲,姚弋仲,天水,天水,一般,120,2000,73,67,87,79,68,374,精,精,熟,熟,熟,初,2,1425,男,132,辅佐,26-辅佐,即使没建立人际关係（厌恶除外）也可获得支援攻击,,,,,,,150,130,229
289,诸葛亮,孔明,刘备,刘备,永安,永安,一般,120,2000,93,36,100,108,103,440,精,精,极,熟,神,精,0,45,男,75,特技150,,,,,,,,,150,131,229
290,徐晃,公明,曹操,曹操,许昌,许昌,一般,120,2000,85,85,64,50,71,355,精,精,熟,极,熟,初,0,130,男,23,长驱,3-长驱,增加骑兵部队的移动力,,,,,,,150,130,229
291,姚兴,子略,姚弋仲,姚弋仲,天水,天水,一般,120,2000,76,66,64,80,70,356,熟,精,熟,精,精,初,1,1400,男,135,祈願,98-祈願,所属都市容易出现豐收,,,,,,,180,161,259
292,乞伏乾归,,,,天水,天水,未发现,0,0,72,79,73,52,74,350,精,初,精,精,初,初,2,1426,男,138,亲羌,92-亲羌,所属都市的领内不会出现異族「羌族」的根据地,,,,,,,150,130,229
293,张玉,世美,朱元璋,朱元璋,建业,建业,一般,120,2000,77,79,76,55,61,348,精,精,熟,精,熟,初,1,2035,男,93,血路,33-血路,就算部队溃灭，同部队的武将也不会被俘虏,,,,,,,150,130,229
294,吕夷简,坦夫,赵匡胤,赵匡胤,濮阳,濮阳,一般,120,2000,30,24,86,87,60,287,初,初,初,初,初,初,3,1834,男,62,能吏,80-能吏,增加生产枪、戟、弩之兵装时的产量,,,,,,,165,145,244
295,沮渠蒙逊,,,,天水,天水,未发现,0,0,77,72,91,71,50,361,精,精,精,极,精,初,2,1427,男,139,诡计,56-诡计,对智力比自己低的敌方部队施展部队计略「内讧」时，必定会成功,,,,,,,150,130,229
296,秃发褥檀,,,,天水,天水,未发现,0,0,71,67,78,73,84,373,熟,初,熟,精,熟,初,2,1428,男,136,清谈,147-清谈,登用无归属武将失败时进入舌战,,,,,,,150,130,229
297,王买德,,,,天水,天水,未发现,0,0,47,39,93,78,47,304,初,熟,初,熟,熟,初,1,1429,男,137,機智,55-機智,对智力比自己低的敌方部队施展部队计略「擾乱」时，必定会成功,,,,,,,150,130,229
298,李暠,玄盛,,,天水,天水,未发现,0,0,64,55,72,82,87,360,熟,熟,熟,熟,熟,初,2,1435,男,130,屯田,78-屯田,所属於关所、港口时，士兵不会消费兵粮,,,,,,,150,130,229
299,赫连勃勃,屈孑,,,天水,天水,未发现,0,0,91,87,73,36,32,319,熟,熟,极,极,精,初,1,1430,男,138,築城,77-築城,军事设施建设的耐久上昇量增为２倍,,,,,,,210,190,289
300,朱能,士弘,朱元璋,朱元璋,建业,建业,一般,120,2000,78,84,53,60,72,347,精,精,精,熟,熟,熟,1,2038,男,93,护卫,52-护卫,同部队的武将不会战死、负伤,,,,,,,150,130,229
301,苻洪,广世,苻洪,苻洪,武威,武威,君主,120,2000,70,85,60,47,67,329,熟,初,精,精,熟,初,1,1431,男,130,特技255,,,,,,,,,150,130,229
302,苻健,建业,苻洪,苻洪,武威,武威,一般,120,2000,69,77,67,74,73,360,精,熟,精,熟,初,初,1,1432,男,130,特技255,,,,,,,,,165,145,244
303,苻雄,元才,苻洪,苻洪,武威,武威,一般,120,2000,74,71,80,84,80,389,熟,精,精,精,精,初,1,1433,男,130,辅佐,26-辅佐,即使没建立人际关係（厌恶除外）也可获得支援攻击,,,,,,,165,146,244
304,苻坚,永固,苻洪,苻洪,武威,武威,一般,120,2000,67,70,77,77,114,405,熟,熟,熟,精,精,初,0,1434,男,130,仁政,96-仁政,所属相同的武将之每个月的忠诚不会下降,,,,,,,180,161,259
305,苻融,博休,苻洪,苻洪,武威,武威,一般,120,2000,61,79,75,85,83,383,熟,初,熟,熟,熟,初,1,2070,男,130,法治,140-法治,所在城治安不会下降,,,,,,,180,162,259
306,王猛,景略,苻洪,苻洪,武威,武威,一般,120,2000,94,49,106,106,69,424,极,精,极,精,极,初,0,1436,男,129,特技150,,,,,,,,,150,130,229
307,张蚝,,,,武威,武威,未发现,0,0,70,95,41,47,54,307,熟,熟,熟,精,初,初,1,1441,男,134,陷阵,133-陷阵,能对敌方施展的战法予以强势的反击,,,,,,,150,130,229
308,邓羌,,,,武威,武威,未发现,0,0,76,92,62,52,47,329,极,熟,熟,精,熟,初,1,1442,男,133,枪将,34-枪将,对武力比自己低的敌方部队施展枪兵战法成功时会心一击,,,,,,,150,130,229
309,吕婆楼,,苻洪,苻洪,武威,武威,一般,120,2000,59,64,81,79,62,345,初,初,熟,熟,初,初,1,1437,男,132,特技255,,,,,,,,,150,130,229
310,郑和,,朱元璋,朱元璋,建业,建业,一般,120,2000,74,54,72,79,79,358,熟,熟,熟,初,精,极,3,1734,男,148,推进,4-推进,於水上时不考虑ＺＯＣ,,,,,,,150,130,229
311,梁平老,,苻洪,苻洪,武威,武威,一般,120,2000,66,65,75,74,68,348,精,初,精,熟,初,初,1,1438,男,131,特技255,,,,,,,,,150,130,229
312,吕光,世明,苻洪,苻洪,武威,武威,一般,120,2000,78,87,58,53,56,332,精,精,熟,极,精,初,2,1439,男,132,长驱,3-长驱,增加骑兵部队的移动力,,,,,,,165,145,244
313,苻登,文高,苻洪,苻洪,武威,武威,一般,120,2000,72,81,66,33,42,294,精,精,熟,精,初,初,2,1440,男,131,乱战,15-乱战,於森林中攻击时施展会心一击,,,,,,,210,190,289
314,李特,玄休,李特,李特,梓潼,梓潼,君主,120,2000,71,78,65,57,81,352,精,精,熟,初,熟,初,2,1443,男,85,米道,88-米道,每季的所属都市的兵粮收入增加为1.5倍,,,,,,,150,130,229
315,李流,玄通,李特,李特,梓潼,梓潼,一般,120,2000,67,87,57,46,51,308,精,精,精,熟,初,初,2,1444,男,85,踏破,6-踏破,无栈道通行的损害；减轻落石的损伤。,,,,,,,150,132,229
316,李雄,仲俊,李特,李特,梓潼,梓潼,一般,120,2000,62,68,71,77,73,351,熟,熟,熟,初,初,熟,2,2004,男,85,特技255,,,,,,,,,165,145,244
317,李骧,元龙,李特,李特,梓潼,梓潼,一般,120,2000,72,72,58,65,49,316,精,熟,熟,精,熟,初,2,1447,男,85,特技255,,,,,,,,,150,133,229
318,范长生,,,,梓潼,梓潼,未发现,0,0,52,40,81,80,88,341,初,初,熟,初,熟,初,3,1448,男,82,风水,97-风水,所属都市不容易出现蝗灾、瘟疫,,,,,,,150,130,229
319,刘裕,德舆,刘裕,刘裕,柴桑,柴桑,君主,120,2000,100,90,75,68,85,418,极,极,精,熟,极,圣,0,1449,男,65,神将,40-神将,对武力比自己低的敌方部队施展一般攻击及战法成功时会心一击,,,,,,,240,220,319
320,刘穆之,道和,刘裕,刘裕,柴桑,柴桑,一般,120,2000,39,46,91,94,75,345,初,初,初,初,初,熟,1,1450,男,65,后勤,141-后勤,所属据点的军队耗费军粮由据点供给一半,,,,,,,240,220,319
321,谢晦,宣明,刘裕,刘裕,柴桑,柴桑,一般,120,2000,57,29,87,77,59,309,初,熟,初,初,初,熟,3,1451,男,52,运筹,144-运筹,如果使用计策成功，则有機率可再行动一次,,,,,,,195,175,274
322,檀道济,,刘裕,刘裕,柴桑,柴桑,一般,120,2000,89,82,83,50,65,369,精,极,熟,熟,极,精,0,1452,男,62,沉著,73-沉著,可防止遭受部队计略「擾乱」,,,,,,,150,130,229
323,到彦之,道豫,刘裕,刘裕,柴桑,柴桑,一般,120,2000,70,77,49,62,56,314,熟,精,熟,初,熟,精,1,1453,男,64,操舵,5-操舵,增加水上的移动力,,,,,,,150,130,229
324,王镇恶,,刘裕,刘裕,柴桑,柴桑,一般,120,2000,88,60,78,59,51,336,极,精,熟,熟,精,极,0,1454,男,61,强袭,14-强袭,於水上攻击时，有50％的機率不会受到损伤,,,,,,,180,160,259
325,沈田子,敬光,刘裕,刘裕,柴桑,柴桑,一般,120,2000,79,75,59,45,45,303,极,精,熟,熟,初,精,0,1455,男,68,突袭,13-突袭,於陆上攻击时，有50％的機率不会受到损伤,,,,,,,150,130,229
326,朱龄石,伯兒,刘裕,刘裕,柴桑,柴桑,一般,120,2000,77,81,63,62,57,340,精,极,精,初,熟,精,0,1456,男,65,踏破,6-踏破,无栈道通行的损害；减轻落石的损伤。,,,,,,,150,130,229
327,朱超石,,刘裕,刘裕,柴桑,柴桑,一般,120,2000,70,82,68,62,58,340,熟,熟,极,精,初,熟,0,1457,男,65,神臂,129-神臂,使弩兵的射程增加１区格,,,,,,,150,131,229
328,谢灵运,,刘裕,刘裕,柴桑,柴桑,一般,120,2000,17,14,82,68,54,235,初,初,初,初,初,初,3,1458,男,34,诗想,76-诗想,军乐台的回復气力效果增为２倍,,,,,,,195,175,274
329,王玄谟,彦德,,,柴桑,柴桑,未发现,0,0,61,45,70,81,63,320,熟,熟,熟,初,初,精,0,1459,男,63,清谈,147-清谈,登用无归属武将失败时进入舌战,,,,,,,150,130,229
330,沈庆之,弘先,刘裕,刘裕,柴桑,柴桑,一般,120,2000,82,79,60,44,68,333,精,精,熟,初,精,极,1,1460,男,66,扫荡,9-扫荡,被攻击的敌方部队气力减少（小）,,,,,,,150,130,229
331,柳元景,孝仁,刘裕,刘裕,柴桑,柴桑,一般,120,2000,81,80,61,47,71,340,精,精,精,精,熟,精,0,1461,男,66,搬运,7-搬运,增加输送部队的移动力,,,,,,,150,130,229
332,薛安都,休达,,,柴桑,柴桑,未发现,0,0,75,97,36,15,50,273,精,熟,极,极,初,熟,1,1462,男,32,特技152,,,,,,,,,150,130,229
333,蔡兴宗,兴宗,刘裕,刘裕,柴桑,柴桑,一般,120,2000,34,23,82,78,83,300,初,初,初,初,初,初,3,1463,男,67,规律,72-规律,可防止遭受部队计略「伪报」,,,,,,,150,130,229
334,臧质,含文,,,柴桑,柴桑,未发现,0,0,73,81,57,49,46,306,熟,精,精,初,熟,精,1,1464,男,69,坚城,131-坚城,城防和士兵所受伤害减半,,,,,,,150,130,229
335,鲁爽,,,,柴桑,柴桑,未发现,0,0,68,89,40,24,25,246,熟,熟,精,精,初,熟,1,1465,男,61,猛者,51-猛者,以战法让敌方部队移动区格时，有50％的機率可让敌将负伤,,,,,,,150,130,229
336,周奉叔,,,,江夏,江夏,未发现,0,0,60,90,40,25,30,245,熟,初,熟,精,初,熟,1,1200,男,86,陷阵,133-陷阵,能对敌方施展的战法予以强势的反击,,,,,,,165,145,244
337,沈攸之,仲达,刘裕,刘裕,柴桑,柴桑,一般,120,2000,71,82,65,70,43,331,初,精,熟,初,初,极,1,1466,男,67,推进,4-推进,於水上时不考虑ＺＯＣ,,,,,,,165,145,244
338,曹彰,子文,曹操,曹操,许昌,许昌,一般,120,2000,72,86,50,35,62,305,初,熟,熟,极,初,初,0,21,男,25,昂扬,11-昂扬,打倒敌方部队就可回復气力,,,,,,,165,147,244
339,曹植,子建,曹操,曹操,许昌,许昌,一般,120,2000,28,32,82,68,68,278,初,初,初,初,初,初,3,48,男,25,诗想,76-诗想,军乐台的回復气力效果增为２倍,,,,,,,165,146,244
340,萧道成,绍伯,萧道成,萧道成,江夏,江夏,君主,120,2000,73,68,81,79,78,379,熟,熟,精,初,精,精,1,1467,男,85,沉著,73-沉著,可防止遭受部队计略「擾乱」,,,,,,,195,175,274
341,曹仁,子孝,曹操,曹操,许昌,许昌,一般,120,2000,81,90,52,56,63,342,精,极,初,精,初,初,0,24,男,25,铁壁,29-铁壁,就算被一齐攻击，也会视之为一般攻击,,,,,,,150,130,229
342,王俭,仲宝,萧道成,萧道成,江夏,江夏,一般,120,2000,27,17,83,88,81,296,初,初,初,初,初,初,1,1468,男,88,眼力,85-眼力,若有未发现的在野人士时执行人材探索的话，必定会发现,,,,,,,210,190,289
343,李渊,叔德,李渊,李渊,洛阳,洛阳,君主,120,2000,75,80,74,67,83,379,精,熟,精,精,熟,熟,0,1722,男,45,射手,50-射手,可於森林使用弩兵战法,,,,,,,210,190,289
344,周盘龙,,,,江夏,江夏,未发现,0,0,64,91,38,34,40,267,初,熟,熟,精,初,熟,1,1446,男,86,血路,33-血路,就算部队溃灭，同部队的武将也不会被俘虏,,,,,,,150,130,229
345,垣崇祖,敬远,萧道成,萧道成,江夏,江夏,一般,120,2000,80,81,75,42,52,330,精,精,熟,初,初,极,2,1470,男,84,铁壁,29-铁壁,就算被一齐攻击，也会视之为一般攻击,,,,,,,150,130,229
346,柳世隆,彦绪,萧道成,萧道成,江夏,江夏,一般,120,2000,71,73,67,61,69,341,精,熟,精,初,熟,精,1,1471,男,84,奏乐,75-奏乐,每回合回復自军部队的气力,,,,,,,165,145,244
347,曹丕,子桓,曹操,曹操,许昌,许昌,一般,120,2000,63,74,77,80,66,360,熟,熟,熟,熟,初,熟,0,61,男,25,精妙,20-精妙,击破敌方部队时所获得的技巧点数增为２倍,,,,,,,253,145,244
348,陈霸先,兴国,陈霸先,陈霸先,零陵,零陵,君主,120,2000,89,77,76,67,80,389,极,精,精,熟,精,极,1,1489,男,115,驱逐,23-驱逐,对武力比自己低的敌方部队施展一般攻击时会成为会心一击,,,,,,,150,130,229
349,萧摩诃,元胤,陈霸先,陈霸先,零陵,零陵,一般,120,2000,69,106,40,40,57,312,熟,精,熟,精,初,精,1,1494,男,118,猛者,51-猛者,以战法让敌方部队移动区格时，有50％的機率可让敌将负伤,,,,,,,150,130,229
350,陈显达,,萧道成,萧道成,江夏,江夏,一般,120,2000,79,79,69,54,50,331,熟,精,极,熟,熟,精,1,1472,男,88,特技255,,,,,,,,,150,130,229
351,裴叔业,,萧道成,萧道成,江夏,江夏,一般,120,2000,76,76,53,40,44,289,精,初,熟,初,极,精,2,1473,男,89,特技255,,,,,,,,,150,130,229
352,崔慧景,君山,萧道成,萧道成,江夏,江夏,一般,120,2000,74,76,60,49,48,307,熟,熟,熟,精,熟,精,1,1474,男,88,特技255,,,,,,,,,150,130,229
353,萧衍,叔达,萧衍,萧衍,襄阳,襄阳,君主,120,2000,75,70,88,81,90,404,熟,熟,熟,熟,精,极,1,1475,男,80,祈願,98-祈願,所属都市容易出现豐收,,,,,,,210,190,289
354,李唐宾,,朱温,朱温,陈留,陈留,一般,120,2000,77,87,50,32,48,294,熟,熟,熟,精,初,熟,1,1476,男,125,乱战,15-乱战,於森林中攻击时施展会心一击,,,,,,,150,130,229
355,张全义,国维,朱温,朱温,陈留,陈留,一般,120,2000,60,70,58,78,66,332,熟,初,熟,熟,初,熟,3,1477,男,134,米道,88-米道,每季的所属都市的兵粮收入增加为1.5倍,,,,,,,150,130,229
356,范雲,彦龙,萧衍,萧衍,襄阳,襄阳,一般,120,2000,32,34,76,80,77,299,初,初,初,初,初,初,1,1478,男,81,特技255,,,,,,,,,150,130,229
357,沈约,休文,萧衍,萧衍,襄阳,襄阳,一般,120,2000,40,28,77,71,64,280,初,初,初,初,初,初,1,1479,男,81,特技255,,,,,,,,,180,160,259
358,韦睿,怀文,萧衍,萧衍,襄阳,襄阳,一般,120,2000,96,20,92,76,87,371,精,极,精,初,神,极,0,1480,男,79,火攻,53-火攻,对智力比自己低的敌方部队施展部队计略「火计」时必定会成功,,,,,,,150,130,229
359,陈庆之,子雲,萧衍,萧衍,襄阳,襄阳,一般,120,2000,91,37,82,64,66,340,极,精,熟,精,极,精,0,1481,男,77,游侠,126-游侠,对兵力远多于己方的敌方部队施展战法成功时会心一击,,,,,,,150,130,229
360,裴邃,渊明,萧衍,萧衍,襄阳,襄阳,一般,120,2000,88,69,80,78,82,397,精,精,精,熟,精,极,1,1482,男,77,强袭,14-强袭,於水上攻击时，有50％的機率不会受到损伤,,,,,,,150,130,229
361,昌义之,,萧衍,萧衍,襄阳,襄阳,一般,120,2000,78,78,56,55,71,338,精,精,极,初,熟,精,2,1483,男,78,坚城,131-坚城,城防和士兵所受伤害减半,,,,,,,150,130,229
362,曹景宗,子震,萧衍,萧衍,襄阳,襄阳,一般,120,2000,76,84,55,31,38,284,极,熟,精,精,初,精,1,1484,男,78,掠夺,21-掠夺,击破敌方部队时，有機会夺取敌将的道具,,,,,,,150,130,229
363,兰钦,休明,,,襄阳,襄阳,未发现,0,0,83,76,60,72,72,363,极,精,熟,精,熟,熟,1,1485,男,78,踏破,6-踏破,无栈道通行的损害；减轻落石的损伤。,,,,,,,150,130,229
364,羊侃,祖忻,,,襄阳,襄阳,未发现,0,0,77,88,68,58,58,349,熟,精,精,熟,精,初,1,1486,男,76,狙击,128-狙击,施展射击战法时，使敌将负伤機率增加,,,,,,,150,130,229
365,朱元璋,国瑞,朱元璋,朱元璋,建业,建业,君主,120,2000,94,71,94,93,72,424,精,极,精,熟,精,极,0,1391,男,90,威压,95-威压,所属都市的领内不容易出现盗贼或異族的根据地,,,,,,,150,130,229
366,王僧辩,君才,,,襄阳,襄阳,未发现,0,0,85,73,68,41,46,313,熟,精,极,熟,精,极,1,1487,男,77,扫荡,9-扫荡,被攻击的敌方部队气力减少（小）,,,,,,,150,130,229
367,孙权,仲谋,孙坚,孙坚,长沙,长沙,一般,120,2000,59,82,81,84,87,393,熟,熟,初,初,初,精,1,64,男,125,指导,84-指导,研究技巧时的费用减半,,,,,,,240,221,319
368,王琳,子珩,,,襄阳,襄阳,未发现,0,0,77,75,50,35,92,329,精,精,精,初,熟,精,0,1488,男,76,不屈,27-不屈,若在部队的士兵不多时被攻击，有50％的機率不会受到损伤,,,,,,,150,130,229
369,侯安都,成师,陈霸先,陈霸先,零陵,零陵,一般,120,2000,77,86,71,36,36,306,精,精,初,精,熟,极,2,1490,男,116,突袭,13-突袭,於陆上攻击时，有50％的機率不会受到损伤,,,,,,,150,130,229
370,孙策,伯符,孙坚,孙坚,长沙,长沙,一般,120,2000,86,89,66,63,91,395,极,精,熟,精,熟,极,0,478,男,125,连击,12-连击,施展一般攻击时，有50％的機率可连续攻击２次,,,,,,,240,220,319
371,方孝孺,希直,朱元璋,朱元璋,建业,建业,一般,120,2000,35,35,71,77,88,306,初,初,初,初,初,初,3,1733,男,85,不屈,27-不屈,若在部队的士兵不多时被攻击，有50％的機率不会受到损伤,,,,,,,150,130,229
372,杜僧明,弘照,陈霸先,陈霸先,零陵,零陵,一般,120,2000,70,84,43,33,40,270,精,精,熟,初,初,精,2,1491,男,117,推进,4-推进,於水上时不考虑ＺＯＣ,,,,,,,150,130,229
373,周文育,景德,陈霸先,陈霸先,零陵,零陵,一般,120,2000,73,89,34,27,47,270,精,精,熟,初,初,极,2,1492,男,117,操舵,5-操舵,增加水上的移动力,,,,,,,150,130,229
374,吴明彻,通昭,陈霸先,陈霸先,零陵,零陵,一般,120,2000,76,72,64,52,59,323,熟,熟,精,熟,初,极,1,1493,男,114,强袭,14-强袭,於水上攻击时，有50％的機率不会受到损伤,,,,,,,150,130,229
375,杨士奇,,朱元璋,朱元璋,建业,建业,一般,120,2000,38,43,77,91,92,341,初,初,初,初,初,初,3,1735,男,88,亲越,93-亲越,所属都市的领内不会出现異族「山越」的根据地,,,,,,,150,130,229
376,邓艾,士载,,,许昌,许昌,未发现,0,0,88,79,85,71,65,388,精,极,精,精,极,熟,0,126,男,26,强行,2-强行,增加兵器、输送部队以外的陆上部队之移动力,,,,,,,150,130,229
377,拓跋焘,,拓跋珪,拓跋珪,蓟,蓟,一般,120,2000,97,84,76,76,69,402,极,精,精,神,熟,初,0,1496,男,145,疾驰,49-疾驰,对攻击力比自部队低的敌方部队施展骑兵战法成功时，必使其陷入混乱,,,,,,,195,175,274
378,拓跋宏,,拓跋珪,拓跋珪,蓟,蓟,一般,120,2000,70,53,81,96,87,387,熟,熟,熟,精,熟,初,0,1497,男,145,变法,139-变法,每旬行动力恢复量增加，穀仓和造币厂作用提升为２倍,,,,,,,255,235,334
379,元英,,拓跋珪,拓跋珪,蓟,蓟,一般,120,2000,80,74,63,48,58,323,精,精,精,精,熟,初,0,1600,男,145,奏乐,75-奏乐,每回合回復自军部队的气力,,,,,,,240,220,319
380,元勰,彦和,拓跋珪,拓跋珪,蓟,蓟,一般,120,2000,63,49,74,77,82,345,初,熟,熟,熟,熟,熟,3,1499,男,145,诗想,76-诗想,军乐台的回復气力效果增为２倍,,,,,,,255,236,334
381,元澄,道镇,拓跋珪,拓跋珪,蓟,蓟,一般,120,2000,66,55,78,86,81,366,熟,熟,初,精,熟,熟,1,1498,男,145,搬运,7-搬运,增加输送部队的移动力,,,,,,,240,220,319
382,长孙嵩,,拓跋珪,拓跋珪,蓟,蓟,一般,120,2000,54,64,72,84,64,338,初,初,初,熟,熟,初,3,1601,男,144,辅佐,26-辅佐,即使没建立人际关係（厌恶除外）也可获得支援攻击,,,,,,,150,130,229
383,长孙道生,,拓跋珪,拓跋珪,蓟,蓟,一般,120,2000,69,59,70,75,71,344,初,初,熟,精,精,初,2,1602,男,144,循史,137-循史,增加建设内政设施的速度,,,,,,,165,145,244
384,于栗磾,,拓跋珪,拓跋珪,蓟,蓟,一般,120,2000,75,88,60,63,67,353,精,熟,熟,精,熟,熟,1,1603,男,143,枪将,34-枪将,对武力比自己低的敌方部队施展枪兵战法成功时会心一击,,,,,,,150,130,229
385,奚斤,,拓跋珪,拓跋珪,蓟,蓟,一般,120,2000,77,73,65,74,73,362,精,熟,精,精,熟,初,2,1604,男,143,繁殖,81-繁殖,增加生产军马之兵装时的产量,,,,,,,150,130,229
386,杨荣,勉仁,朱元璋,朱元璋,建业,建业,一般,120,2000,62,55,84,89,86,376,熟,熟,初,熟,初,初,0,1736,男,88,搬运,7-搬运,增加输送部队的移动力,,,,,,,150,130,229
387,杨溥,弘济,朱元璋,朱元璋,建业,建业,一般,120,2000,36,49,73,85,88,331,初,初,初,初,初,初,3,1737,男,89,循史,137-循史,增加建设内政设施的速度,,,,,,,150,130,229
388,叔孙建,,拓跋珪,拓跋珪,蓟,蓟,一般,120,2000,82,67,81,61,77,368,熟,熟,精,极,精,熟,1,1605,男,143,扫荡,9-扫荡,被攻击的敌方部队气力减少（小）,,,,,,,150,130,229
389,太史慈,子义,,,长沙,长沙,未发现,0,0,73,90,54,56,78,351,初,精,精,精,初,熟,1,22,男,122,狙击,128-狙击,施展射击战法时，使敌将负伤機率增加,,,,,,,150,130,229
390,崔浩,伯渊,拓跋珪,拓跋珪,蓟,蓟,一般,120,2000,48,38,102,87,55,330,初,熟,初,初,初,初,1,1606,男,146,鬼谋,65-鬼谋,增广１区格可施展部队计略的範围,,,,,,,150,130,229
391,高允,伯恭,拓跋珪,拓跋珪,蓟,蓟,一般,120,2000,27,26,88,87,83,311,初,初,初,初,初,初,2,731,男,146,指导,84-指导,研究技巧时的费用减半,,,,,,,150,130,229
392,李顺,德正,拓跋珪,拓跋珪,蓟,蓟,一般,120,2000,63,43,90,65,62,323,初,初,初,熟,初,初,1,1608,男,144,亲和,142-亲和,实行亲善所能提升的友好度加倍,,,,,,,150,130,229
393,陆俟,,拓跋珪,拓跋珪,蓟,蓟,一般,120,2000,73,70,86,73,77,379,熟,初,精,精,熟,初,1,1609,男,146,特技255,,,,,,,,,150,130,229
394,古弼,,拓跋珪,拓跋珪,蓟,蓟,一般,120,2000,72,77,73,68,63,353,熟,熟,熟,精,初,初,1,1610,男,146,特技255,,,,,,,,,150,130,229
395,赵雲,子龙,刘备,刘备,永安,永安,一般,120,2000,74,95,68,60,75,372,熟,熟,极,精,初,熟,0,9,男,74,血路,33-血路,就算部队溃灭，同部队的武将也不会被俘虏,,,,,,,150,130,229
396,慕容白曜,,拓跋珪,拓跋珪,蓟,蓟,一般,120,2000,81,69,55,44,67,316,精,熟,熟,精,极,初,1,1611,男,147,连击,12-连击,施展一般攻击时，有50％的機率可连续攻击２次,,,,,,,225,205,304
397,李冲,思顺,拓跋珪,拓跋珪,蓟,蓟,一般,120,2000,47,37,82,90,89,345,初,初,初,初,初,初,1,1612,男,144,发明,82-发明,生产兵器之兵装时所需的生产期间减半,,,,,,,180,160,259
398,杨大眼,,,,蓟,蓟,未发现,0,0,77,99,47,41,64,328,极,熟,熟,极,熟,初,0,1613,男,147,威风,10-威风,被攻击的敌方部队气力减少（大）,,,,,,,150,130,229
399,奚康生,,,,蓟,蓟,未发现,0,0,74,94,39,45,41,293,熟,熟,极,精,初,初,1,1614,男,142,射手,50-射手,可於森林使用弩兵战法,,,,,,,150,130,229
400,崔延伯,,,,蓟,蓟,未发现,0,0,72,93,54,38,53,310,精,精,熟,精,初,熟,1,1615,男,142,怒发,30-怒发,遭受敌方部队的战法攻击时，气力就会回復,,,,,,,150,130,229
401,张华,茂先,司马懿,司马懿,寿春,寿春,一般,120,2000,41,32,82,75,75,305,初,初,初,初,熟,初,0,477,男,31,风水,97-风水,所属都市不容易出现蝗灾、瘟疫,,,,,,,195,175,274
402,邢峦,洪宾,拓跋珪,拓跋珪,蓟,蓟,一般,120,2000,83,52,88,76,66,365,精,熟,精,精,精,熟,0,1616,男,143,长驱,3-长驱,增加骑兵部队的移动力,,,,,,,150,130,229
403,李崇,继长,拓跋珪,拓跋珪,蓟,蓟,一般,120,2000,81,48,85,79,69,362,精,精,熟,熟,熟,极,1,1617,男,143,安民,136-安民,攻破敌方城池后可保留全部内政设施,,,,,,,150,130,229
404,宇文泰,黑獭,宇文泰,宇文泰,汉中,汉中,君主,120,2000,91,77,93,90,94,445,精,极,精,极,熟,初,1,1641,男,10,激励,145-激励,如果使用战法成功，则有機率可再行动一次,,,,,,,150,130,229
405,傅永,修期,,,蓟,蓟,未发现,0,0,76,82,68,56,52,334,精,熟,熟,精,熟,熟,1,1618,男,142,待伏,16-待伏,伏兵成功时施展会心一击,,,,,,,150,130,229
406,尔朱荣,天宝,,,蓟,蓟,未发现,0,0,92,85,62,55,59,353,精,精,精,极,熟,熟,1,1619,男,0,骑将,37-骑将,对武力比自己低的敌方部队施展骑兵战法成功时会心一击,,,,,,,150,130,229
407,尔朱兆,万仁,,,蓟,蓟,未发现,0,0,66,92,18,10,23,209,熟,熟,熟,精,初,初,1,1620,男,0,掠夺,21-掠夺,击破敌方部队时，有機会夺取敌将的道具,,,,,,,165,145,244
408,斛斯椿,法寿,,,蓟,蓟,未发现,0,0,55,51,89,73,56,324,初,初,初,熟,熟,初,1,1621,男,147,言毒,54-言毒,对智力比自己低的敌方部队施展部队计略「伪报」时，必定会成功,,,,,,,150,130,229
409,贺拔允,可泥,,,蓟,蓟,未发现,0,0,68,83,66,58,70,345,熟,熟,精,精,初,初,2,1622,男,148,白马,25-白马,未研究技巧「骑射」时也可施展骑射；骑射可施展会心一击,,,,,,,150,130,229
410,张紘,子纲,孙坚,孙坚,长沙,长沙,一般,120,2000,24,11,78,85,77,275,初,初,初,初,初,初,1,101,男,121,特技255,,,,,,,,,150,130,229
411,张郃,儁乂,曹操,曹操,许昌,许昌,一般,120,2000,84,84,70,52,68,358,精,极,熟,精,精,初,0,1025,男,27,巧变,125-巧变,可无视地形限制施展战法,,,,,,,150,130,229
412,贺拔胜,破胡,,,蓟,蓟,未发现,0,0,73,88,60,54,68,343,熟,熟,精,精,初,熟,1,1623,男,148,血路,33-血路,就算部队溃灭，同部队的武将也不会被俘虏,,,,,,,150,131,229
413,贺拔岳,斗泥,,,蓟,蓟,未发现,0,0,80,86,67,68,75,376,熟,熟,精,极,熟,初,2,1624,男,148,狙击,128-狙击,施展射击战法时，使敌将负伤機率增加,,,,,,,150,132,229
414,高欢,,高欢,高欢,南皮,南皮,君主,120,2000,87,78,94,84,84,427,极,精,精,极,熟,熟,1,1625,男,0,機智,55-機智,对智力比自己低的敌方部队施展部队计略「擾乱」时，必定会成功,,,,,,,150,130,229
415,高澄,子惠,高欢,高欢,南皮,南皮,一般,120,2000,62,61,80,83,81,367,熟,熟,熟,初,熟,初,0,1626,男,0,规律,72-规律,可防止遭受部队计略「伪报」,,,,,,,165,145,244
416,高洋,子进,高欢,高欢,南皮,南皮,一般,120,2000,83,72,81,72,59,367,精,精,熟,精,熟,初,0,1627,男,0,沉著,73-沉著,可防止遭受部队计略「擾乱」,,,,,,,165,146,244
417,高敖曹,,高欢,高欢,南皮,南皮,一般,120,2000,80,109,47,30,63,329,极,熟,精,精,熟,初,2,1628,男,2,恫吓,134-恫吓,武力比自己低的邻接敌方部队有一定機率陷入眩晕,,,,,,,150,130,229
418,杨一清,应宁,,,建业,建业,未发现,0,0,68,50,79,86,76,359,熟,初,初,熟,精,初,3,1741,男,91,繁殖,81-繁殖,增加生产军马之兵装时的产量,,,,,,,150,130,229
419,张昭,子布,孙坚,孙坚,长沙,长沙,一般,120,2000,23,13,76,87,79,278,初,初,初,初,初,初,1,133,男,121,特技255,,,,,,,,,150,130,229
420,侯景,万景,高欢,高欢,南皮,南皮,一般,120,2000,82,80,78,24,18,282,精,熟,熟,精,熟,精,0,1630,男,145,掠夺,21-掠夺,击破敌方部队时，有機会夺取敌将的道具,,,,,,,150,130,229
421,窦泰,世宁,高欢,高欢,南皮,南皮,一般,120,2000,72,78,72,65,59,346,熟,熟,精,熟,初,初,1,1629,男,1,特技255,,,,,,,,,150,130,229
422,彭乐,兴,高欢,高欢,南皮,南皮,一般,120,2000,67,93,15,18,27,220,熟,初,熟,精,初,初,2,1631,男,5,金刚,28-金刚,在敌方攻击力微弱时被攻击的话，有50％的機率不会受到损伤,,,,,,,150,130,229
423,慕容绍宗,,高欢,高欢,南皮,南皮,一般,120,2000,86,68,87,71,64,376,极,精,极,精,精,精,1,1632,男,3,巧变,125-巧变,可无视地形限制施展战法,,,,,,,240,220,319
424,武曌,则天,李渊,李渊,洛阳,洛阳,一般,120,2000,44,28,88,94,67,321,初,初,初,初,初,初,0,1409,女,45,威压,95-威压,所属都市的领内不容易出现盗贼或異族的根据地,,,,,,,150,130,229
425,斛律金,,高欢,高欢,南皮,南皮,一般,120,2000,77,86,46,53,68,330,熟,初,精,极,初,初,1,1633,男,149,射手,50-射手,可於森林使用弩兵战法,,,,,,,150,130,229
426,斛律光,明月,高欢,高欢,南皮,南皮,一般,120,2000,91,91,69,61,56,368,精,熟,极,极,熟,初,1,1634,男,149,特技152,,,,,,,,,165,145,244
427,段韶,孝先,高欢,高欢,南皮,南皮,一般,120,2000,93,85,80,67,78,403,极,极,精,极,熟,熟,1,1635,男,1,战将,124-战将,对防御力比己方攻击力低的敌方部队施展战法成功会心一击,,,,,,,150,130,229
428,高长恭,,高欢,高欢,南皮,南皮,一般,120,2000,84,91,59,55,86,375,精,精,熟,极,熟,初,2,1636,男,0,昂扬,11-昂扬,打倒敌方部队就可回復气力,,,,,,,180,160,259
429,陈元康,长猷,,,南皮,南皮,未发现,0,0,45,46,84,69,51,295,初,初,初,初,熟,初,1,1637,男,4,秘计,59-秘计,对智力比自己高的敌方部队施展部队计略成功时会心一击,,,,,,,150,130,229
430,杜弼,辅玄,,,南皮,南皮,未发现,0,0,53,32,69,81,80,315,熟,熟,熟,初,初,初,3,1420,男,4,法治,140-法治,所在城治安不会下降,,,,,,,150,130,229
431,崔暹,季伦,,,南皮,南皮,未发现,0,0,31,34,75,80,72,292,初,初,初,初,初,初,3,1639,男,4,眼力,85-眼力,若有未发现的在野人士时执行人材探索的话，必定会发现,,,,,,,150,130,229
432,张飞,益德,刘备,刘备,永安,永安,一般,120,2000,80,102,61,38,55,336,精,精,初,精,初,初,0,1,男,75,恫吓,134-恫吓,武力比自己低的邻接敌方部队有一定機率陷入眩晕,,,,,,,150,130,229
433,杨愔,遵彦,,,南皮,南皮,未发现,0,0,42,71,74,88,78,353,初,熟,初,初,初,初,1,1640,男,4,能吏,80-能吏,增加生产枪、戟、弩之兵装时的产量,,,,,,,150,130,229
434,于谨,思敬,宇文泰,宇文泰,汉中,汉中,一般,120,2000,82,66,90,78,70,386,精,熟,精,精,极,精,0,1645,男,9,指导,84-指导,研究技巧时的费用减半,,,,,,,225,205,304
435,宇文邕,,宇文泰,宇文泰,汉中,汉中,一般,120,2000,84,73,86,91,69,403,精,熟,精,精,极,初,0,1642,男,10,待伏,16-待伏,伏兵成功时施展会心一击,,,,,,,165,145,244
436,宇文宪,,宇文泰,宇文泰,汉中,汉中,一般,120,2000,88,79,85,72,78,402,极,极,精,精,熟,初,0,1643,男,10,繁殖,81-繁殖,增加生产军马之兵装时的产量,,,,,,,165,146,244
437,独孤信,如愿,宇文泰,宇文泰,汉中,汉中,一般,120,2000,80,84,75,80,90,409,精,熟,精,精,熟,熟,1,1644,男,12,名声,79-名声,增加徵兵时的士兵数,,,,,,,150,130,229
438,李弼,景和,宇文泰,宇文泰,汉中,汉中,一般,120,2000,78,87,70,57,67,359,精,熟,熟,精,初,初,1,1646,男,8,陷阵,133-陷阵,能对敌方施展的战法予以强势的反击,,,,,,,150,130,229
439,张辽,文远,曹操,曹操,许昌,许昌,一般,120,2000,87,92,67,55,77,378,极,精,熟,极,熟,熟,1,14,男,23,威风,10-威风,被攻击的敌方部队气力减少（大）,,,,,,,150,130,229
440,赵贵,符贵,宇文泰,宇文泰,汉中,汉中,一般,120,2000,70,71,61,63,72,337,熟,初,熟,精,熟,初,1,1648,男,8,辅佐,26-辅佐,即使没建立人际关係（厌恶除外）也可获得支援攻击,,,,,,,150,130,229
441,李虎,,宇文泰,宇文泰,汉中,汉中,一般,120,2000,77,86,57,64,81,365,熟,熟,精,精,熟,初,1,1647,男,8,安民,136-安民,攻破敌方城池后可保留全部内政设施,,,,,,,180,160,259
442,侯莫陈崇,尚乐,宇文泰,宇文泰,汉中,汉中,一般,120,2000,75,88,46,47,57,313,熟,初,精,精,熟,初,2,1649,男,8,白马,25-白马,未研究技巧「骑射」时也可施展骑射；骑射可施展会心一击,,,,,,,150,130,229
443,达奚武,成兴,宇文泰,宇文泰,汉中,汉中,一般,120,2000,73,85,48,35,53,294,初,熟,精,极,初,初,2,1650,男,11,扫荡,9-扫荡,被攻击的敌方部队气力减少（小）,,,,,,,150,130,229
444,杨忠,,宇文泰,宇文泰,汉中,汉中,一般,120,2000,79,93,55,51,55,333,熟,极,熟,精,精,熟,0,1651,男,11,金刚,28-金刚,在敌方攻击力微弱时被攻击的话，有50％的機率不会受到损伤,,,,,,,150,130,229
445,蔡佑,承先,宇文泰,宇文泰,汉中,汉中,一般,120,2000,66,89,58,50,76,339,熟,熟,精,熟,初,初,3,1652,男,9,护卫,52-护卫,同部队的武将不会战死、负伤,,,,,,,150,130,229
446,苏绰,令绰,宇文泰,宇文泰,汉中,汉中,一般,120,2000,40,48,84,97,86,355,初,初,初,初,初,初,3,1653,男,14,能吏,80-能吏,增加生产枪、戟、弩之兵装时的产量,,,,,,,150,130,229
447,韦孝宽,,宇文泰,宇文泰,汉中,汉中,一般,120,2000,89,65,95,79,89,417,精,精,精,熟,极,熟,1,1654,男,14,诡计,56-诡计,对智力比自己低的敌方部队施展部队计略「内讧」时，必定会成功,,,,,,,150,130,229
448,陆贾,,刘邦,刘邦,成都,成都,一般,120,2000,20,39,85,79,71,294,初,初,初,初,初,初,3,1870,男,76,亲越,93-亲越,所属都市的领内不会出现異族「山越」的根据地,,,,,,,150,130,229
449,王罴,熊罴,宇文泰,宇文泰,汉中,汉中,一般,120,2000,76,82,56,73,65,352,熟,精,精,熟,熟,初,1,1655,男,14,铁壁,29-铁壁,就算被一齐攻击，也会视之为一般攻击,,,,,,,150,130,229
450,王思政,思政,宇文泰,宇文泰,汉中,汉中,一般,120,2000,81,85,82,76,73,397,熟,精,精,初,精,熟,1,1656,男,13,坚城,131-坚城,城防和士兵所受伤害减半,,,,,,,150,130,229
451,王轨,,宇文泰,宇文泰,汉中,汉中,一般,120,2000,79,68,85,73,74,379,熟,熟,初,熟,极,熟,0,1657,男,13,秘计,59-秘计,对智力比自己高的敌方部队施展部队计略成功时会心一击,,,,,,,150,130,229
452,尉迟迥,,宇文泰,宇文泰,汉中,汉中,一般,120,2000,76,74,80,77,84,391,精,熟,精,熟,精,熟,0,1658,男,6,踏破,6-踏破,无栈道通行的损害；减轻落石的损伤。,,,,,,,150,130,229
453,杨坚,,杨坚,杨坚,汝南,汝南,君主,120,2000,65,54,71,95,82,367,熟,熟,初,初,熟,熟,0,1659,男,15,徵收,90-徵收,每个月所属都市都会有兵粮的收入（一次的收入将减半）,,,,,,,165,145,244
454,杨素,处道,杨坚,杨坚,汝南,汝南,一般,120,2000,98,74,84,76,31,363,极,极,精,极,精,神,0,1663,男,14,巧变,125-巧变,可无视地形限制施展战法,,,,,,,180,160,259
455,高熲,昭玄,杨坚,杨坚,汝南,汝南,一般,120,2000,84,53,101,105,88,431,熟,极,精,熟,精,精,0,1660,男,14,特技150,,,,,,,,,150,130,229
456,梁睿,恃德,杨坚,杨坚,汝南,汝南,一般,120,2000,78,62,87,69,74,370,熟,精,熟,熟,精,熟,1,1662,男,11,亲蛮,94-亲蛮,所属都市的领内不会出现異族「南蛮」的根据地,,,,,,,150,130,229
457,李德林,公辅,杨坚,杨坚,汝南,汝南,一般,120,2000,25,16,86,84,71,282,初,初,初,初,初,初,0,1661,男,13,精妙,20-精妙,击破敌方部队时所获得的技巧点数增为２倍,,,,,,,150,130,229
458,史万岁,,杨坚,杨坚,汝南,汝南,一般,120,2000,89,100,54,33,45,321,熟,极,精,极,熟,熟,0,1664,男,11,威风,10-威风,被攻击的敌方部队气力减少（大）,,,,,,,150,130,229
459,韩擒虎,子通,杨坚,杨坚,汝南,汝南,一般,120,2000,85,83,70,59,59,356,极,精,熟,熟,初,极,0,1665,男,14,昂扬,11-昂扬,打倒敌方部队就可回復气力,,,,,,,150,130,229
460,贺若弼,辅伯,杨坚,杨坚,汝南,汝南,一般,120,2000,86,81,85,49,43,344,精,精,极,精,熟,精,0,1666,男,14,怒发,30-怒发,遭受敌方部队的战法攻击时，气力就会回復,,,,,,,150,130,229
461,程昱,仲德,曹操,曹操,许昌,许昌,一般,120,2000,63,59,87,76,44,329,精,初,初,初,精,初,0,106,男,24,掎角,18-掎角,施展齐攻时，有50％的機率让对方陷入混乱,,,,,,,150,130,229
462,长孙晟,季晟,杨坚,杨坚,汝南,汝南,一般,120,2000,72,78,95,74,75,394,熟,熟,精,精,熟,初,1,1667,男,12,射手,50-射手,可於森林使用弩兵战法,,,,,,,255,235,334
463,杨广,,杨坚,杨坚,汝南,汝南,一般,120,2000,65,63,75,75,34,312,熟,熟,初,熟,熟,熟,0,1668,男,15,搬运,7-搬运,增加输送部队的移动力,,,,,,,180,160,259
464,薛世雄,世英,,,汝南,汝南,未发现,0,0,71,83,42,54,67,317,精,熟,初,精,初,初,1,1669,男,18,突袭,13-突袭,於陆上攻击时，有50％的機率不会受到损伤,,,,,,,150,130,229
465,来护兒,崇善,,,汝南,汝南,未发现,0,0,73,80,58,38,61,310,熟,熟,初,初,初,极,0,1670,男,18,强袭,14-强袭,於水上攻击时，有50％的機率不会受到损伤,,,,,,,240,220,319
466,徐阶,子升,朱元璋,朱元璋,建业,建业,一般,120,2000,51,45,89,92,75,352,初,初,初,初,熟,初,1,1744,男,94,反计,68-反计,若识破部队计略，就可对其施展同样的计略,,,,,,,150,130,229
467,张须陀,,,,汝南,汝南,未发现,0,0,76,94,45,51,79,345,精,精,熟,熟,精,熟,0,1671,男,17,游侠,126-游侠,对兵力远多于己方的敌方部队施展战法成功时会心一击,,,,,,,150,130,229
468,裴仁基,德本,杨坚,杨坚,汝南,汝南,一般,120,2000,72,80,57,48,54,311,精,精,初,熟,熟,初,1,1672,男,30,扫荡,9-扫荡,被攻击的敌方部队气力减少（小）,,,,,,,150,130,229
469,文彦博,宽夫,赵匡胤,赵匡胤,濮阳,濮阳,一般,120,2000,65,61,76,84,88,374,熟,熟,精,初,熟,熟,1,1835,男,63,搬运,7-搬运,增加输送部队的移动力,,,,,,,150,130,229
470,王世充,行满,,,汝南,汝南,未发现,0,0,75,65,80,66,44,330,精,精,熟,熟,初,精,1,1674,男,19,祈願,98-祈願,所属都市容易出现豐收,,,,,,,150,130,229
471,典韦,,曹操,曹操,许昌,许昌,一般,120,2000,56,97,25,21,38,237,熟,精,初,初,初,初,1,13,男,25,护卫,52-护卫,同部队的武将不会战死、负伤,,,,,,,150,130,229
472,李密,法主,,,汝南,汝南,未发现,0,0,77,64,83,69,81,374,精,精,精,熟,熟,熟,0,1673,男,32,看破,60-看破,必定可识破智力比自己低的敌方部队所施展部队计略,,,,,,,195,175,274
473,单雄信,,,,汝南,汝南,未发现,0,0,64,90,41,28,57,280,精,熟,初,熟,初,熟,1,1675,男,24,飞将,0-飞将,於陆上时不考虑ＺＯＣ、对武力低的敌部队施展战法成功时会心一击,,,,,,,150,130,229
474,裴行俨,,杨坚,杨坚,汝南,汝南,一般,120,2000,63,105,37,39,49,293,熟,精,初,熟,初,熟,3,1676,男,36,陷阵,133-陷阵,能对敌方施展的战法予以强势的反击,,,,,,,165,145,244
475,李世民,,李渊,李渊,洛阳,洛阳,一般,120,2000,104,82,92,97,112,487,神,精,神,极,精,精,0,1677,男,45,强运,32-强运,不会战死、被俘、负伤,,,,,,,225,207,304
476,李隆基,,李渊,李渊,洛阳,洛阳,一般,120,2000,58,71,82,84,86,381,熟,精,熟,初,初,熟,3,1678,男,45,奏乐,75-奏乐,每回合回復自军部队的气力,,,,,,,270,250,349
477,李道宗,承范,李渊,李渊,洛阳,洛阳,一般,120,2000,82,81,63,56,64,346,精,熟,精,精,初,熟,0,1679,男,45,昂扬,11-昂扬,打倒敌方部队就可回復气力,,,,,,,225,208,304
478,李孝恭,,李渊,李渊,洛阳,洛阳,一般,120,2000,76,61,69,71,74,351,精,熟,熟,初,熟,精,1,1680,男,45,造船,83-造船,生产舰船之兵装时所需的生产期间减半,,,,,,,225,205,304
479,董允,休昭,,,永安,永安,未发现,0,0,38,25,69,81,79,292,初,初,初,初,初,初,3,164,男,76,特技255,,,,,,,,,150,130,229
480,房玄龄,,李渊,李渊,洛阳,洛阳,一般,120,2000,45,35,97,93,83,353,初,初,初,初,初,初,0,1681,男,46,百出,64-百出,部队计略的消费气力变为１,,,,,,,150,130,229
481,刘秀,文叔,刘秀,刘秀,宛,宛,君主,120,2000,98,83,90,96,115,482,神,极,精,极,熟,熟,0,1360,男,70,激励,145-激励,如果使用战法成功，则有機率可再行动一次,,,,,,,210,190,289
482,杜如晦,克明,李渊,李渊,洛阳,洛阳,一般,120,2000,30,44,96,91,81,342,初,初,初,初,初,初,2,1682,男,46,妙计,58-妙计,对智力比自己低的敌方部队施展部队计略成功时会心一击,,,,,,,150,130,229
483,长孙无忌,辅机,李渊,李渊,洛阳,洛阳,一般,120,2000,52,58,77,83,72,342,熟,熟,熟,初,初,熟,1,1683,男,44,秘计,59-秘计,对智力比自己高的敌方部队施展部队计略成功时会心一击,,,,,,,270,251,349
484,魏征,玄成,李渊,李渊,洛阳,洛阳,一般,120,2000,46,56,88,90,78,358,初,初,初,初,初,初,1,1684,男,41,明镜,74-明镜,可防止遭受部队计略的「伪报、擾乱」,,,,,,,150,130,229
485,李靖,药师,李渊,李渊,洛阳,洛阳,一般,120,2000,112,72,95,72,77,428,极,极,神,神,熟,神,0,1685,男,48,兵仙,122-兵仙,对统率较低的部队施展战法必成功,,,,,,,150,130,229
486,李绩,懋功,李渊,李渊,洛阳,洛阳,一般,120,2000,97,69,98,77,89,430,精,极,精,极,神,精,0,1686,男,48,富豪,87-富豪,每个月的所属都市的资金收入增为1.5倍,,,,,,,150,130,229
487,秦琼,叔宝,李渊,李渊,洛阳,洛阳,一般,120,2000,70,97,49,51,63,330,精,精,初,熟,熟,熟,0,1687,男,47,金刚,28-金刚,在敌方攻击力微弱时被攻击的话，有50％的機率不会受到损伤,,,,,,,150,130,229
488,尉迟恭,敬德,李渊,李渊,洛阳,洛阳,一般,120,2000,72,96,54,46,52,320,精,熟,熟,精,熟,初,0,1688,男,47,护卫,52-护卫,同部队的武将不会战死、负伤,,,,,,,150,130,229
489,罗士信,,李渊,李渊,洛阳,洛阳,一般,120,2000,68,98,52,31,69,318,极,熟,初,熟,精,初,1,1689,男,41,枪将,34-枪将,对武力比自己低的敌方部队施展枪兵战法成功时会心一击,,,,,,,150,130,229
490,程知节,,李渊,李渊,洛阳,洛阳,一般,120,2000,73,88,43,50,58,312,精,精,熟,熟,初,初,0,1690,男,47,猛者,51-猛者,以战法让敌方部队移动区格时，有50％的機率可让敌将负伤,,,,,,,150,130,229
491,薛仁贵,,李渊,李渊,洛阳,洛阳,一般,120,2000,89,110,62,58,66,385,精,极,精,极,熟,熟,0,1691,男,42,神将,40-神将,对武力比自己低的敌方部队施展一般攻击及战法成功时会心一击,,,,,,,225,205,304
492,苏定方,,李渊,李渊,洛阳,洛阳,一般,120,2000,96,89,68,65,70,388,极,极,精,神,熟,精,0,1692,男,42,驱逐,23-驱逐,对武力比自己低的敌方部队施展一般攻击时会成为会心一击,,,,,,,150,130,229
493,王霸,元伯,刘秀,刘秀,宛,宛,一般,120,2000,78,80,62,60,69,349,熟,极,熟,熟,熟,熟,0,1373,男,72,沉著,73-沉著,可防止遭受部队计略「擾乱」,,,,,,,150,130,229
494,刘仁轨,正则,李渊,李渊,洛阳,洛阳,一般,120,2000,87,68,71,80,75,381,熟,熟,精,熟,精,极,0,1693,男,46,火攻,53-火攻,对智力比自己低的敌方部队施展部队计略「火计」时必定会成功,,,,,,,150,130,229
495,裴行俭,守约,李渊,李渊,洛阳,洛阳,一般,120,2000,93,57,91,83,76,400,极,精,精,极,精,熟,1,1694,男,41,巧变,125-巧变,可无视地形限制施展战法,,,,,,,165,146,244
496,狄仁傑,怀英,李渊,李渊,洛阳,洛阳,一般,120,2000,55,46,86,92,94,373,初,熟,初,初,熟,初,0,1410,男,46,洞察,61-洞察,必定可识破敌方部队所施展的部队计略,,,,,,,150,130,229
497,张九龄,子寿,李渊,李渊,洛阳,洛阳,一般,120,2000,16,22,76,87,79,280,初,初,初,初,初,初,3,1699,男,48,诗想,76-诗想,军乐台的回復气力效果增为２倍,,,,,,,240,220,319
498,姚崇,元之,李渊,李渊,洛阳,洛阳,一般,120,2000,54,52,88,96,62,352,初,初,熟,初,初,初,0,1697,男,47,能吏,80-能吏,增加生产枪、戟、弩之兵装时的产量,,,,,,,150,130,229
499,宋璟,,李渊,李渊,洛阳,洛阳,一般,120,2000,37,42,83,95,87,344,初,初,初,初,初,初,0,1698,男,47,仁政,96-仁政,所属相同的武将之每个月的忠诚不会下降,,,,,,,150,130,229
500,王忠嗣,,李渊,李渊,洛阳,洛阳,一般,120,2000,91,86,75,59,73,384,精,精,精,极,熟,熟,0,1309,男,44,繁殖,81-繁殖,增加生产军马之兵装时的产量,,,,,,,150,130,229
501,杜预,元凯,司马懿,司马懿,寿春,寿春,一般,120,2000,86,35,84,84,81,370,精,熟,极,初,极,极,0,191,男,28,推进,4-推进,於水上时不考虑ＺＯＣ,,,,,,,150,130,229
502,高仙芝,,,,洛阳,洛阳,未发现,0,0,83,83,61,31,43,301,熟,熟,精,精,精,初,0,1700,男,40,强行,2-强行,增加兵器、输送部队以外的陆上部队之移动力,,,,,,,150,130,229
503,封常清,,,,洛阳,洛阳,未发现,0,0,78,59,74,57,56,324,熟,熟,精,精,精,初,1,1701,男,40,治军,130-治军,物理攻击眩晕效果免疫,,,,,,,150,130,229
504,哥舒翰,,,,洛阳,洛阳,未发现,0,0,73,91,62,38,42,306,极,熟,熟,熟,熟,初,1,1702,男,40,游侠,126-游侠,对兵力远多于己方的敌方部队施展战法成功时会心一击,,,,,,,150,130,229
505,秦良玉,贞素,,,建业,建业,未发现,0,0,80,79,70,66,82,377,极,极,精,熟,熟,熟,0,1760,女,88,昂扬,11-昂扬,打倒敌方部队就可回復气力,,,,,,,150,130,229
506,郭子仪,,李渊,李渊,洛阳,洛阳,一般,120,2000,92,82,75,67,97,413,极,极,精,精,熟,精,0,1703,男,46,攻心,22-攻心,攻击时可将敌方部队的一部分士兵吸收到自军部队中,,,,,,,150,130,229
507,李光弼,,李渊,李渊,洛阳,洛阳,一般,120,2000,94,81,84,58,58,375,精,熟,极,极,极,熟,0,1704,男,42,弓将,36-弓将,对武力比自己低的敌方部队施展弩兵战法成功时会心一击,,,,,,,150,130,229
508,仆固怀恩,,,,洛阳,洛阳,未发现,0,0,75,94,41,43,21,274,熟,熟,熟,精,初,初,0,1705,男,40,战将,124-战将,对防御力比己方攻击力低的敌方部队施展战法成功会心一击,,,,,,,150,130,229
509,李嗣业,,,,洛阳,洛阳,未发现,0,0,74,93,44,49,60,320,精,精,熟,熟,熟,初,0,1706,男,41,戟将,35-戟将,对武力比自己低的敌方部队施展戟兵战法成功时会心一击,,,,,,,150,130,229
510,白孝德,,,,洛阳,洛阳,未发现,0,0,71,90,36,29,51,277,熟,熟,熟,精,初,初,0,1707,男,41,白马,25-白马,未研究技巧「骑射」时也可施展骑射；骑射可施展会心一击,,,,,,,150,130,229
511,段秀实,成公,李渊,李渊,洛阳,洛阳,一般,120,2000,69,64,78,83,91,385,熟,熟,熟,熟,熟,初,0,1708,男,46,辅佐,26-辅佐,即使没建立人际关係（厌恶除外）也可获得支援攻击,,,,,,,150,130,229
512,颜真卿,清臣,李渊,李渊,洛阳,洛阳,一般,120,2000,72,58,75,79,93,377,熟,精,精,初,熟,初,0,1709,男,46,精妙,20-精妙,击破敌方部队时所获得的技巧点数增为２倍,,,,,,,150,130,229
513,李泌,长源,,,洛阳,洛阳,未发现,0,0,61,27,114,86,81,369,初,初,初,初,初,初,3,1710,男,45,鬼谋,65-鬼谋,增广１区格可施展部队计略的範围,,,,,,,225,205,304
514,李晟,良器,李渊,李渊,洛阳,洛阳,一般,120,2000,90,83,79,68,80,400,熟,精,极,极,精,熟,0,1711,男,45,狙击,128-狙击,施展射击战法时，使敌将负伤機率增加,,,,,,,150,130,229
515,马超,孟起,刘备,刘备,永安,永安,一般,120,2000,77,93,39,19,62,290,精,熟,初,极,初,初,0,1004,男,71,亲羌,92-亲羌,所属都市的领内不会出现異族「羌族」的根据地,,,,,,,240,220,319
516,马燧,洵美,,,洛阳,洛阳,未发现,0,0,84,74,65,70,55,348,极,熟,精,精,极,熟,1,1713,男,49,连击,12-连击,施展一般攻击时，有50％的機率可连续攻击２次,,,,,,,150,130,229
517,浑瑊,,,,洛阳,洛阳,未发现,0,0,80,89,56,58,74,357,精,熟,精,极,精,初,1,1714,男,49,血路,33-血路,就算部队溃灭，同部队的武将也不会被俘虏,,,,,,,150,130,229
518,李愬,元直,李渊,李渊,洛阳,洛阳,一般,120,2000,86,79,83,69,77,394,精,极,精,精,熟,精,0,1712,男,45,突袭,13-突袭,於陆上攻击时，有50％的機率不会受到损伤,,,,,,,165,145,244
519,陆贽,敬舆,,,洛阳,洛阳,未发现,0,0,23,30,83,88,73,297,初,初,初,初,初,初,0,1715,男,46,指导,84-指导,研究技巧时的费用减半,,,,,,,150,130,229
520,刘晏,士安,,,洛阳,洛阳,未发现,0,0,32,25,80,89,71,297,初,初,初,初,初,熟,3,1716,男,48,搬运,7-搬运,增加输送部队的移动力,,,,,,,150,130,229
521,裴度,中立,李渊,李渊,洛阳,洛阳,一般,120,2000,71,50,92,85,95,393,熟,熟,熟,熟,熟,熟,0,1717,男,46,沉著,73-沉著,可防止遭受部队计略「擾乱」,,,,,,,150,130,229
522,高拱,肃卿,朱元璋,朱元璋,建业,建业,一般,120,2000,48,41,74,88,48,299,初,初,初,初,初,初,2,1745,男,86,眼力,85-眼力,若有未发现的在野人士时执行人材探索的话，必定会发现,,,,,,,150,130,229
523,李德裕,文饶,李渊,李渊,洛阳,洛阳,一般,120,2000,57,47,79,88,53,324,初,初,熟,熟,初,初,0,1718,男,45,规律,72-规律,可防止遭受部队计略「伪报」,,,,,,,150,130,229
524,韩愈,退之,,,洛阳,洛阳,未发现,0,0,34,35,78,78,82,307,初,初,初,初,初,初,0,1719,男,43,贤哲,138-贤哲,所属势力每月增加一定量的技巧值,,,,,,,150,130,229
525,韦皋,城武,李渊,李渊,洛阳,洛阳,一般,120,2000,79,62,89,85,84,399,熟,精,熟,初,精,熟,1,1720,男,43,亲蛮,94-亲蛮,所属都市的领内不会出现異族「南蛮」的根据地,,,,,,,150,130,229
526,张巡,巡,,,洛阳,洛阳,未发现,0,0,87,75,79,75,90,406,精,极,熟,精,极,熟,0,1721,男,44,坚城,131-坚城,城防和士兵所受伤害减半,,,,,,,150,130,229
527,杜杲,子昕,,,濮阳,濮阳,未发现,0,0,82,62,82,78,75,379,熟,熟,精,初,极,精,0,1894,男,58,射程,24-射程,使井阑、投石的射程增加１区格,,,,,,,150,130,229
528,费禕,文伟,,,永安,永安,未发现,0,0,62,30,72,82,73,319,熟,熟,熟,初,熟,熟,3,110,男,77,特技255,,,,,,,,,150,130,229
529,南霁雲,,,,洛阳,洛阳,未发现,0,0,72,87,53,44,53,309,熟,初,精,熟,初,熟,0,1723,男,44,射手,50-射手,可於森林使用弩兵战法,,,,,,,150,130,229
530,雷万春,,,,洛阳,洛阳,未发现,0,0,70,85,42,42,55,294,初,熟,熟,精,初,初,0,1724,男,44,金刚,28-金刚,在敌方攻击力微弱时被攻击的话，有50％的機率不会受到损伤,,,,,,,150,130,229
531,王守仁,伯安,,,建业,建业,未发现,0,0,86,71,104,80,98,439,精,精,精,初,极,极,0,1742,男,88,贤哲,138-贤哲,所属势力每月增加一定量的技巧值,,,,,,,150,130,229
532,黑齿常之,,,,洛阳,洛阳,未发现,0,0,88,82,65,66,73,374,极,精,熟,极,熟,熟,1,1696,男,41,突袭,13-突袭,於陆上攻击时，有50％的機率不会受到损伤,,,,,,,150,130,229
533,王方翼,仲翔,李渊,李渊,洛阳,洛阳,一般,120,2000,76,76,67,77,80,376,熟,精,熟,精,精,初,0,1695,男,42,築城,77-築城,军事设施建设的耐久上昇量增为２倍,,,,,,,180,160,259
534,来瑱,,李渊,李渊,洛阳,洛阳,一般,120,2000,78,80,62,53,76,349,精,精,精,熟,熟,初,2,1402,男,47,铁壁,29-铁壁,就算被一齐攻击，也会视之为一般攻击,,,,,,,150,130,229
535,侯君集,,李渊,李渊,洛阳,洛阳,一般,120,2000,77,73,64,54,36,304,熟,熟,熟,精,极,熟,1,1403,男,44,射程,24-射程,使井阑、投石的射程增加１区格,,,,,,,150,130,229
536,娄师德,宗仁,李渊,李渊,洛阳,洛阳,一般,120,2000,80,69,66,75,83,373,精,精,精,熟,熟,初,0,1308,男,47,屯田,78-屯田,所属於关所、港口时，士兵不会消费兵粮,,,,,,,150,130,229
537,朱温,,朱温,朱温,陈留,陈留,君主,120,2000,86,83,89,61,45,364,极,精,精,熟,精,熟,0,1416,男,130,诡计,56-诡计,对智力比自己低的敌方部队施展部队计略「内讧」时，必定会成功,,,,,,,150,130,229
538,敬翔,子振,朱温,朱温,陈留,陈留,一般,120,2000,26,40,92,74,57,289,初,初,初,初,初,初,0,1828,男,130,機智,55-機智,对智力比自己低的敌方部队施展部队计略「擾乱」时，必定会成功,,,,,,,150,130,229
539,安禄山,,,,云南,云南,未发现,0,0,67,83,64,25,49,288,熟,初,熟,精,初,初,0,1865,男,135,金刚,28-金刚,在敌方攻击力微弱时被攻击的话，有50％的機率不会受到损伤,,,,,,,150,130,229
540,葛从周,通美,朱温,朱温,陈留,陈留,一般,120,2000,85,86,69,59,67,366,精,极,精,精,熟,精,1,1830,男,132,戟将,35-戟将,对武力比自己低的敌方部队施展戟兵战法成功时会心一击,,,,,,,150,130,229
541,朱珍,,朱温,朱温,陈留,陈留,一般,120,2000,80,85,48,28,37,278,精,熟,初,熟,熟,熟,1,1829,男,135,连击,12-连击,施展一般攻击时，有50％的機率可连续攻击２次,,,,,,,150,130,229
542,余玠,义夫,,,濮阳,濮阳,未发现,0,0,80,66,80,84,86,396,精,熟,精,初,精,极,1,1862,男,63,築城,77-築城,军事设施建设的耐久上昇量增为２倍,,,,,,,150,130,229
543,苏轼,子瞻,,,濮阳,濮阳,未发现,0,0,54,42,81,83,77,337,初,初,熟,初,初,熟,2,1861,男,64,诗想,76-诗想,军乐台的回復气力效果增为２倍,,,,,,,150,130,229
544,庞师古,,朱温,朱温,陈留,陈留,一般,120,2000,75,78,43,51,63,310,熟,熟,熟,熟,精,初,1,1831,男,131,特技255,,,,,,,,,150,130,229
545,氏叔琮,,朱温,朱温,陈留,陈留,一般,120,2000,74,84,63,64,45,330,熟,熟,初,极,初,初,2,1832,男,127,特技255,,,,,,,,,150,130,229
546,康怀贞,,,,陈留,陈留,未发现,0,0,70,79,48,48,50,295,熟,初,初,精,熟,初,2,1833,男,128,特技255,,,,,,,,,150,130,229
547,杨师厚,,,,陈留,陈留,未发现,0,0,83,82,52,61,58,336,极,熟,初,精,熟,熟,2,1836,男,126,扫荡,9-扫荡,被攻击的敌方部队气力减少（小）,,,,,,,150,130,229
548,杨廷和,介夫,,,建业,建业,未发现,0,0,41,41,75,87,66,310,初,初,初,初,初,初,3,1740,男,92,法治,140-法治,所在城治安不会下降,,,,,,,150,130,229
549,王彦章,贤明,朱温,朱温,陈留,陈留,一般,120,2000,69,101,43,41,56,310,精,熟,初,精,熟,熟,1,1837,男,129,枪将,34-枪将,对武力比自己低的敌方部队施展枪兵战法成功时会心一击,,,,,,,150,130,229
550,刘鄩,,,,陈留,陈留,未发现,0,0,76,75,81,60,70,362,熟,精,熟,初,精,精,2,1838,男,134,运筹,144-运筹,如果使用计策成功，则有機率可再行动一次,,,,,,,150,130,229
551,史思明,,,,云南,云南,未发现,0,0,73,77,53,19,19,241,精,熟,熟,精,熟,初,1,1866,男,135,掠夺,21-掠夺,击破敌方部队时，有機会夺取敌将的道具,,,,,,,150,130,229
552,李克用,,李克用,李克用,安定,安定,君主,120,2000,79,93,42,36,58,308,熟,熟,极,极,熟,初,1,1839,男,35,遁走,1-遁走,於陆上时不考虑ＺＯＣ,,,,,,,150,130,229
553,李存勖,,李克用,李克用,安定,安定,一般,120,2000,94,85,54,30,52,315,极,精,精,极,精,熟,1,1840,男,35,百战,127-百战,部队战法的消费气力变为五分之一,,,,,,,165,145,244
554,马芳,德馨,,,建业,建业,未发现,0,0,81,93,63,46,57,340,熟,熟,精,极,熟,初,0,1743,男,94,特技152,,,,,,,,,150,130,229
555,李嗣源,,李克用,李克用,安定,安定,一般,120,2000,84,91,56,63,79,373,极,熟,精,极,熟,初,0,2014,男,36,陷阵,133-陷阵,能对敌方施展的战法予以强势的反击,,,,,,,150,130,229
556,法正,孝直,,,永安,永安,未发现,0,0,64,47,94,70,44,319,熟,熟,熟,初,精,初,1,113,男,73,待伏,16-待伏,伏兵成功时施展会心一击,,,,,,,150,130,229
557,庞统,士元,刘备,刘备,永安,永安,一般,120,2000,68,42,91,79,69,349,熟,熟,初,初,精,熟,0,114,男,76,连环,66-连环,部队计略成功时，与对象部队邻接的部队也会遭受计略波及,,,,,,,150,130,229
558,祖冲之,文远,,,江夏,江夏,未发现,0,0,17,36,83,70,61,267,初,初,初,初,初,初,3,1607,男,82,发明,82-发明,生产兵器之兵装时所需的生产期间减半,,,,,,,150,130,229
559,李从珂,,李克用,李克用,安定,安定,一般,120,2000,69,83,45,41,50,288,精,初,熟,精,熟,初,0,2005,男,38,特技255,,,,,,,,,150,130,229
560,李存孝,,李克用,李克用,安定,安定,一般,120,2000,78,117,33,21,33,282,精,熟,精,精,熟,初,1,1841,男,32,勇将,39-勇将,对武力比自己低的敌方部队施展全战法成功时会心一击,,,,,,,150,130,229
561,李存进,,李克用,李克用,安定,安定,一般,120,2000,77,78,63,55,60,333,精,精,初,熟,熟,极,1,1842,男,34,造船,83-造船,生产舰船之兵装时所需的生产期间减半,,,,,,,150,130,229
562,李嗣昭,益光,李克用,李克用,安定,安定,一般,120,2000,82,79,50,69,72,352,精,熟,熟,极,精,熟,0,1843,男,36,铁壁,29-铁壁,就算被一齐攻击，也会视之为一般攻击,,,,,,,150,130,229
563,盖寓,,李克用,李克用,安定,安定,一般,120,2000,61,57,81,72,75,346,熟,初,熟,熟,熟,初,3,1844,男,35,特技255,,,,,,,,,150,130,229
564,张承业,继元,李克用,李克用,安定,安定,一般,120,2000,24,19,71,85,82,281,初,初,初,初,初,初,0,1845,男,35,徵收,90-徵收,每个月所属都市都会有兵粮的收入（一次的收入将减半）,,,,,,,150,130,229
565,郭崇韬,安时,李克用,李克用,安定,安定,一般,120,2000,69,63,88,75,59,354,熟,熟,初,熟,熟,熟,0,1846,男,36,运筹,144-运筹,如果使用计策成功，则有機率可再行动一次,,,,,,,150,130,229
566,周德威,镇远,李克用,李克用,安定,安定,一般,120,2000,85,95,67,50,62,359,极,精,熟,极,精,初,1,1847,男,34,昂扬,11-昂扬,打倒敌方部队就可回復气力,,,,,,,150,130,229
567,符存审,德详,李克用,李克用,安定,安定,一般,120,2000,87,83,68,56,63,357,极,精,熟,熟,精,熟,1,1848,男,34,特技151,,,,,,,,,150,130,229
568,史建瑭,国宝,李克用,李克用,安定,安定,一般,120,2000,73,87,54,35,54,303,熟,初,精,精,熟,初,1,1849,男,34,特技255,,,,,,,,,150,130,229
569,王建及,,,,安定,安定,未发现,0,0,76,87,53,49,71,336,极,初,初,熟,熟,精,1,1850,男,33,特技255,,,,,,,,,150,130,229
570,元行钦,,,,安定,安定,未发现,0,0,64,90,37,29,34,254,精,熟,初,精,初,初,2,1851,男,31,金刚,28-金刚,在敌方攻击力微弱时被攻击的话，有50％的機率不会受到损伤,,,,,,,150,130,229
571,夏鲁奇,邦傑,,,安定,安定,未发现,0,0,66,99,45,69,69,348,精,熟,熟,熟,初,熟,1,1852,男,36,护卫,52-护卫,同部队的武将不会战死、负伤,,,,,,,150,130,229
572,任圜,,李克用,李克用,安定,安定,一般,120,2000,71,62,69,82,74,358,熟,精,熟,熟,熟,熟,0,1853,男,32,清谈,147-清谈,登用无归属武将失败时进入舌战,,,,,,,150,130,229
573,高行周,尚质,李克用,李克用,安定,安定,一般,120,2000,75,84,44,58,53,314,熟,精,熟,极,熟,初,1,1854,男,37,白马,25-白马,未研究技巧「骑射」时也可施展骑射；骑射可施展会心一击,,,,,,,150,130,229
574,符彦卿,冠侯,李克用,李克用,安定,安定,一般,120,2000,74,83,52,43,49,301,精,熟,精,极,初,初,1,1855,男,37,射手,50-射手,可於森林使用弩兵战法,,,,,,,165,145,244
575,石敬瑭,,李克用,李克用,安定,安定,一般,120,2000,70,84,51,65,28,298,精,熟,精,精,初,初,0,1856,男,30,特技255,,,,,,,,,150,130,229
576,桑维翰,国侨,,,安定,安定,未发现,0,0,48,44,84,81,51,308,初,初,初,初,初,初,1,1857,男,31,亲乌,91-亲乌,所属都市的领内不会出现異族「乌丸」的根据地,,,,,,,150,130,229
577,羊祜,叔子,司马懿,司马懿,寿春,寿春,一般,120,2000,84,57,83,80,93,397,极,熟,极,精,熟,精,0,192,男,27,攻心,22-攻心,攻击时可将敌方部队的一部分士兵吸收到自军部队中,,,,,,,150,130,229
578,刘知远,,李克用,李克用,安定,安定,一般,120,2000,74,74,66,71,66,351,熟,熟,熟,精,熟,初,1,1858,男,30,特技255,,,,,,,,,150,130,229
579,史弘肇,化元,,,安定,安定,未发现,0,0,75,80,38,23,29,245,精,精,熟,精,熟,熟,1,1859,男,31,怒发,30-怒发,遭受敌方部队的战法攻击时，气力就会回復,,,,,,,150,130,229
580,冯道,可道,,,安定,安定,未发现,0,0,36,46,74,77,87,320,初,初,初,初,初,初,3,1860,男,32,亲和,142-亲和,实行亲善所能提升的友好度加倍,,,,,,,150,130,229
581,郭威,,郭威,郭威,小沛,小沛,君主,120,2000,81,83,73,74,70,381,精,熟,精,熟,极,熟,2,1805,男,55,扫荡,9-扫荡,被攻击的敌方部队气力减少（小）,,,,,,,150,130,229
582,柴荣,,郭威,郭威,小沛,小沛,一般,120,2000,92,80,79,94,89,434,精,极,精,精,熟,精,0,1359,男,55,激励,145-激励,如果使用战法成功，则有機率可再行动一次,,,,,,,150,130,229
583,郭崇,,郭威,郭威,小沛,小沛,一般,120,2000,72,81,58,57,57,325,熟,初,熟,精,熟,熟,1,1806,男,56,特技255,,,,,,,,,150,130,229
584,药元福,,郭威,郭威,小沛,小沛,一般,120,2000,78,86,55,52,64,335,熟,熟,熟,极,精,初,1,1807,男,51,陷阵,133-陷阵,能对敌方施展的战法予以强势的反击,,,,,,,150,130,229
585,慕容延钊,化龙,郭威,郭威,小沛,小沛,一般,120,2000,75,79,50,61,66,331,熟,熟,熟,精,熟,精,0,1813,男,58,特技255,,,,,,,,,150,130,229
586,王朴,文伯,郭威,郭威,小沛,小沛,一般,120,2000,45,47,89,93,68,342,初,初,熟,初,初,熟,0,1809,男,56,后勤,141-后勤,所属据点的军队耗费军粮由据点供给一半,,,,,,,150,130,229
587,范质,文素,,,小沛,小沛,未发现,0,0,52,38,77,80,69,316,初,熟,初,初,熟,初,3,1810,男,58,特技255,,,,,,,,,150,130,229
588,王溥,齐物,,,小沛,小沛,未发现,0,0,38,49,79,79,74,319,初,初,初,初,初,初,3,1811,男,57,特技255,,,,,,,,,150,130,229
589,魏仁浦,道济,,,小沛,小沛,未发现,0,0,56,52,82,75,81,346,熟,熟,初,初,初,初,3,1812,男,58,特技255,,,,,,,,,150,130,229
590,王峻,秀峰,郭威,郭威,小沛,小沛,一般,120,2000,65,70,81,66,39,321,初,初,熟,熟,熟,熟,1,1808,男,52,奏乐,75-奏乐,每回合回復自军部队的气力,,,,,,,150,130,229
591,高怀德,藏用,郭威,郭威,小沛,小沛,一般,120,2000,73,87,38,42,46,286,熟,精,精,精,初,熟,1,1814,男,51,奏乐,75-奏乐,每回合回復自军部队的气力,,,,,,,165,145,244
592,李穀,惟珍,,,小沛,小沛,未发现,0,0,60,76,76,83,77,372,初,熟,熟,初,熟,熟,1,1815,男,59,眼力,85-眼力,若有未发现的在野人士时执行人材探索的话，必定会发现,,,,,,,150,130,229
593,杨行密,化源,杨行密,杨行密,庐江,庐江,君主,120,2000,81,81,63,73,82,380,精,极,初,初,熟,精,2,1816,男,110,戟将,35-戟将,对武力比自己低的敌方部队施展戟兵战法成功时会心一击,,,,,,,150,130,229
594,朱瑾,,杨行密,杨行密,庐江,庐江,一般,120,2000,73,89,49,44,49,304,精,熟,初,熟,初,熟,2,1817,男,115,怒发,30-怒发,遭受敌方部队的战法攻击时，气力就会回復,,,,,,,150,130,229
595,李神福,,杨行密,杨行密,庐江,庐江,一般,120,2000,87,77,79,53,61,357,精,极,熟,初,精,精,1,1818,男,110,火攻,53-火攻,对智力比自己低的敌方部队施展部队计略「火计」时必定会成功,,,,,,,150,130,229
596,徐温,敦美,杨行密,杨行密,庐江,庐江,一般,120,2000,65,67,73,72,56,333,熟,熟,熟,初,熟,精,2,1819,男,112,特技255,,,,,,,,,150,130,229
597,严可求,,,,庐江,庐江,未发现,0,0,41,34,94,71,67,307,初,初,初,初,初,熟,1,1820,男,112,看破,60-看破,必定可识破智力比自己低的敌方部队所施展部队计略,,,,,,,150,130,229
598,骆知祥,,,,庐江,庐江,未发现,0,0,33,33,68,84,71,289,初,初,初,初,初,初,3,1821,男,112,徵税,89-徵税,每回合所属都市都会有资金收入（一次收入将减半）,,,,,,,150,130,229
599,徐知诰,正伦,杨行密,杨行密,庐江,庐江,一般,120,2000,58,61,86,82,78,365,初,熟,初,初,熟,精,1,1822,男,114,深谋,67-深谋,部队计略成功时施展会心一击,,,,,,,150,130,229
600,陆抗,幼节,孙坚,孙坚,长沙,长沙,一般,120,2000,84,65,84,75,84,392,熟,精,精,初,极,极,1,149,男,126,攻心,22-攻心,攻击时可将敌方部队的一部分士兵吸收到自军部队中,,,,,,,165,145,244
601,宋齐丘,子嵩,杨行密,杨行密,庐江,庐江,一般,120,2000,27,44,83,75,42,271,初,初,初,初,初,熟,2,1823,男,113,特技255,,,,,,,,,150,130,229
602,陆逊,伯言,孙坚,孙坚,长沙,长沙,一般,120,2000,90,61,90,81,82,404,精,极,精,初,精,极,1,117,男,126,火攻,53-火攻,对智力比自己低的敌方部队施展部队计略「火计」时必定会成功,,,,,,,150,130,229
603,刘仁赡,守惠,杨行密,杨行密,庐江,庐江,一般,120,2000,79,65,61,60,80,345,熟,极,精,初,熟,精,1,1824,男,107,坚城,131-坚城,城防和士兵所受伤害减半,,,,,,,150,130,229
604,林仁肇,,杨行密,杨行密,庐江,庐江,一般,120,2000,77,88,53,40,67,325,熟,精,熟,初,熟,极,1,1904,男,109,水将,38-水将,对武力比自己低的敌方部队施展水军战法成功时会心一击,,,,,,,150,130,229
605,钱鏐,具美,,,庐江,庐江,未发现,0,0,78,78,67,79,72,374,精,精,熟,初,熟,精,1,1826,男,105,米道,88-米道,每季的所属都市的兵粮收入增加为1.5倍,,,,,,,150,130,229
606,顾全武,,,,庐江,庐江,未发现,0,0,80,74,62,64,63,343,精,精,熟,初,精,精,2,1827,男,106,祈願,98-祈願,所属都市容易出现豐收,,,,,,,150,130,229
607,王建,光图,王建,王建,建宁,建宁,君主,120,2000,80,77,69,67,65,358,精,精,熟,熟,精,熟,1,1171,男,50,亲蛮,94-亲蛮,所属都市的领内不会出现異族「南蛮」的根据地,,,,,,,150,130,229
608,华洪,,王建,王建,建宁,建宁,一般,120,2000,79,79,44,49,78,329,熟,精,精,初,极,熟,1,1176,男,51,踏破,6-踏破,无栈道通行的损害；减轻落石的损伤。,,,,,,,150,130,229
609,庞德,令明,,,许昌,许昌,未发现,0,0,67,91,51,44,61,314,精,熟,熟,精,初,初,1,28,男,28,白马,25-白马,未研究技巧「骑射」时也可施展骑射；骑射可施展会心一击,,,,,,,150,130,229
610,许存,,王建,王建,建宁,建宁,一般,120,2000,72,78,47,54,54,305,初,熟,精,初,熟,精,1,1177,男,54,操舵,5-操舵,增加水上的移动力,,,,,,,150,130,229
611,许德勋,,马殷,马殷,桂阳,桂阳,一般,120,2000,73,78,67,70,70,358,熟,熟,初,初,精,精,3,1181,男,108,特技255,,,,,,,,,150,130,229
612,孟知祥,保裔,孟知祥,孟知祥,江州,江州,君主,120,2000,69,64,74,76,79,362,熟,精,熟,初,熟,熟,1,1183,男,40,搬运,7-搬运,增加输送部队的移动力,,,,,,,150,130,229
613,赵季良,德彰,孟知祥,孟知祥,江州,江州,一般,120,2000,58,48,80,80,68,334,初,熟,熟,初,熟,熟,1,1186,男,41,特技255,,,,,,,,,150,130,229
614,李仁罕,德美,孟知祥,孟知祥,江州,江州,一般,120,2000,71,81,46,27,40,265,熟,初,熟,熟,精,精,1,1188,男,37,推进,4-推进,於水上时不考虑ＺＯＣ,,,,,,,150,130,229
615,赵廷隐,,孟知祥,孟知祥,江州,江州,一般,120,2000,76,71,65,56,55,323,精,精,精,熟,熟,熟,1,1191,男,42,怒发,30-怒发,遭受敌方部队的战法攻击时，气力就会回復,,,,,,,150,130,229
616,高季兴,贻孙,高季兴,高季兴,武陵,武陵,君主,120,2000,62,71,61,73,71,338,熟,熟,熟,初,熟,熟,2,1192,男,105,掠夺,21-掠夺,击破敌方部队时，有機会夺取敌将的道具,,,,,,,150,130,229
617,梁震,,高季兴,高季兴,武陵,武陵,一般,120,2000,20,27,86,78,68,279,初,初,初,初,初,初,3,1304,男,102,看破,60-看破,必定可识破智力比自己低的敌方部队所施展部队计略,,,,,,,150,130,229
618,桓玄,敬道,,,云南,云南,未发现,0,0,71,63,75,52,50,311,熟,熟,初,初,熟,精,1,1864,男,125,操舵,5-操舵,增加水上的移动力,,,,,,,165,145,244
619,马殷,霸图,马殷,马殷,桂阳,桂阳,君主,120,2000,74,71,74,78,74,371,熟,精,熟,熟,精,精,2,1323,男,110,安民,136-安民,攻破敌方城池后可保留全部内政设施,,,,,,,150,130,229
620,高郁,,马殷,马殷,桂阳,桂阳,一般,120,2000,53,57,84,86,64,344,初,初,初,初,熟,熟,2,1330,男,110,商才,119-商才,单次交易上限翻倍，且交易效果上升,,,,,,,150,130,229
621,周行逢,,,,桂阳,桂阳,未发现,0,0,59,73,76,67,57,332,熟,初,初,初,熟,精,2,1333,男,115,特技255,,,,,,,,,150,130,229
622,张辅,文弼,朱元璋,朱元璋,建业,建业,一般,120,2000,84,73,61,67,74,359,精,熟,精,熟,精,极,0,1738,男,93,造船,83-造船,生产舰船之兵装时所需的生产期间减半,,,,,,,165,145,244
623,司马懿,仲达,司马懿,司马懿,寿春,寿春,君主,120,2000,91,60,90,85,76,402,极,极,精,精,熟,熟,0,1049,男,30,深谋,67-深谋,部队计略成功时施展会心一击,,,,,,,150,130,229
624,赵光义,,赵匡胤,赵匡胤,濮阳,濮阳,一般,120,2000,67,69,79,77,69,361,熟,熟,熟,熟,熟,熟,1,1358,男,60,遁走,1-遁走,於陆上时不考虑ＺＯＣ,,,,,,,150,131,229
625,赵普,则平,赵匡胤,赵匡胤,濮阳,濮阳,一般,120,2000,39,49,99,88,49,324,初,初,初,初,熟,初,0,1390,男,60,辅佐,26-辅佐,即使没建立人际关係（厌恶除外）也可获得支援攻击,,,,,,,150,130,229
626,曹彬,国华,赵匡胤,赵匡胤,濮阳,濮阳,一般,120,2000,84,77,69,66,85,381,精,精,精,精,熟,极,0,1764,男,62,安民,136-安民,攻破敌方城池后可保留全部内政设施,,,,,,,150,130,229
627,潘美,仲询,赵匡胤,赵匡胤,濮阳,濮阳,一般,120,2000,85,73,73,63,67,361,精,极,精,熟,精,精,0,1398,男,62,火攻,53-火攻,对智力比自己低的敌方部队施展部队计略「火计」时必定会成功,,,,,,,150,130,229
628,杨业,,赵匡胤,赵匡胤,濮阳,濮阳,一般,120,2000,79,96,54,45,73,347,精,极,精,精,初,初,1,1399,男,55,战将,124-战将,对防御力比己方攻击力低的敌方部队施展战法成功会心一击,,,,,,,150,130,229
629,王全斌,,赵匡胤,赵匡胤,濮阳,濮阳,一般,120,2000,78,78,57,26,70,309,精,熟,精,精,精,初,0,1765,男,65,掠夺,21-掠夺,击破敌方部队时，有機会夺取敌将的道具,,,,,,,150,130,229
630,李继隆,霸图,赵匡胤,赵匡胤,濮阳,濮阳,一般,120,2000,89,83,67,64,67,370,精,精,精,极,精,精,0,1766,男,59,奏乐,75-奏乐,每回合回復自军部队的气力,,,,,,,150,130,229
631,吕蒙正,圣功,赵匡胤,赵匡胤,濮阳,濮阳,一般,120,2000,33,40,78,83,86,320,初,初,初,初,初,初,0,1767,男,61,眼力,85-眼力,若有未发现的在野人士时执行人材探索的话，必定会发现,,,,,,,150,130,229
632,张齐贤,师亮,赵匡胤,赵匡胤,濮阳,濮阳,一般,120,2000,77,53,93,86,68,377,熟,熟,精,精,熟,熟,0,1768,男,61,妙计,58-妙计,对智力比自己低的敌方部队施展部队计略成功时会心一击,,,,,,,150,130,229
633,李沆,太初,赵匡胤,赵匡胤,濮阳,濮阳,一般,120,2000,46,42,80,85,77,330,初,初,初,初,初,初,3,1770,男,58,规律,72-规律,可防止遭受部队计略「伪报」,,,,,,,150,130,229
634,寇准,平仲,赵匡胤,赵匡胤,濮阳,濮阳,一般,120,2000,51,55,89,83,53,331,初,熟,熟,初,精,初,0,1800,男,58,富豪,87-富豪,每个月的所属都市的资金收入增为1.5倍,,,,,,,150,130,229
635,刘邦,季,刘邦,刘邦,成都,成都,君主,120,2000,72,66,78,92,116,424,精,精,熟,熟,精,初,0,1320,男,75,强运,32-强运,不会战死、被俘、负伤,,,,,,,150,130,229
636,王德用,元辅,赵匡胤,赵匡胤,濮阳,濮阳,一般,120,2000,76,80,66,74,80,376,精,熟,极,精,精,初,0,1771,男,61,射手,50-射手,可於森林使用弩兵战法,,,,,,,150,130,229
637,曹玮,宝臣,赵匡胤,赵匡胤,濮阳,濮阳,一般,120,2000,91,76,89,67,76,399,精,精,极,精,精,熟,0,1397,男,62,治军,130-治军,物理攻击眩晕效果免疫,,,,,,,165,145,244
638,杨延昭,,赵匡胤,赵匡胤,濮阳,濮阳,一般,120,2000,72,88,59,37,74,330,熟,熟,精,精,精,初,1,1772,男,55,特技255,,,,,,,,,165,145,244
639,狄青,汉臣,赵匡胤,赵匡胤,濮阳,濮阳,一般,120,2000,86,91,72,54,77,380,熟,精,极,精,极,熟,0,1773,男,56,昂扬,11-昂扬,打倒敌方部队就可回復气力,,,,,,,150,130,229
640,范仲淹,希文,赵匡胤,赵匡胤,濮阳,濮阳,一般,120,2000,76,43,85,91,105,400,熟,精,精,初,精,熟,0,1774,男,64,循史,137-循史,增加建设内政设施的速度,,,,,,,150,130,229
641,包拯,希仁,,,濮阳,濮阳,未发现,0,0,31,38,83,78,85,315,初,初,初,初,熟,初,0,1775,男,62,洞察,61-洞察,必定可识破敌方部队所施展的部队计略,,,,,,,150,130,229
642,欧阳修,永叔,赵匡胤,赵匡胤,濮阳,濮阳,一般,120,2000,35,45,77,81,87,325,初,初,初,初,初,初,2,1776,男,64,精妙,20-精妙,击破敌方部队时所获得的技巧点数增为２倍,,,,,,,150,130,229
643,司马光,君实,赵匡胤,赵匡胤,濮阳,濮阳,一般,120,2000,50,34,84,95,95,358,初,初,初,初,初,初,3,1777,男,64,明镜,74-明镜,可防止遭受部队计略的「伪报、擾乱」,,,,,,,270,250,349
644,王安石,介甫,赵匡胤,赵匡胤,濮阳,濮阳,一般,120,2000,47,48,70,98,55,318,初,初,初,初,初,熟,1,1778,男,55,变法,139-变法,每旬行动力恢复量增加，穀仓和造币厂作用提升为２倍,,,,,,,150,130,229
645,王韶,子纯,,,濮阳,濮阳,未发现,0,0,83,70,79,59,47,338,精,精,熟,精,精,初,0,1779,男,62,掎角,18-掎角,施展齐攻时，有50％的機率让对方陷入混乱,,,,,,,150,130,229
646,章楶,质夫,,,濮阳,濮阳,未发现,0,0,82,68,82,71,76,379,熟,精,精,精,熟,初,0,1780,男,62,待伏,16-待伏,伏兵成功时施展会心一击,,,,,,,150,130,229
647,种世衡,仲平,,,濮阳,濮阳,未发现,0,0,79,74,92,63,76,384,熟,熟,极,精,精,熟,1,1895,男,57,築城,77-築城,军事设施建设的耐久上昇量增为２倍,,,,,,,150,130,229
648,庞籍,醇之,赵匡胤,赵匡胤,濮阳,濮阳,一般,120,2000,67,51,77,82,74,351,初,熟,熟,熟,熟,熟,1,1782,男,57,特技255,,,,,,,,,150,130,229
649,李纲,伯纪,赵匡胤,赵匡胤,濮阳,濮阳,一般,120,2000,64,53,75,87,94,373,熟,熟,精,初,熟,熟,0,1783,男,59,不屈,27-不屈,若在部队的士兵不多时被攻击，有50％的機率不会受到损伤,,,,,,,150,130,229
650,宗泽,汝霖,赵匡胤,赵匡胤,濮阳,濮阳,一般,120,2000,90,67,78,80,88,403,精,极,极,熟,精,熟,0,1784,男,61,铁壁,29-铁壁,就算被一齐攻击，也会视之为一般攻击,,,,,,,150,130,229
651,娄敬,,刘邦,刘邦,成都,成都,一般,120,2000,45,43,92,77,67,324,初,初,初,初,初,初,0,1871,男,75,料敌,132-料敌,敌方部队所施展部队计略成功的几率大幅降低,,,,,,,150,130,229
652,赵鼎,元镇,赵匡胤,赵匡胤,濮阳,濮阳,一般,120,2000,55,44,83,89,85,356,初,初,初,初,初,熟,0,1785,男,60,看破,60-看破,必定可识破智力比自己低的敌方部队所施展部队计略,,,,,,,150,130,229
653,岳飞,鹏举,赵匡胤,赵匡胤,濮阳,濮阳,一般,120,2000,110,100,86,62,104,462,极,极,神,极,精,神,0,1469,男,62,枪神,42-枪神,枪兵战法成功时施展会心一击,,,,,,,150,130,229
654,张浚,德远,赵匡胤,赵匡胤,濮阳,濮阳,一般,120,2000,66,59,76,81,85,367,初,初,精,初,熟,精,0,1786,男,59,眼力,85-眼力,若有未发现的在野人士时执行人材探索的话，必定会发现,,,,,,,270,250,349
655,韩世忠,良臣,赵匡胤,赵匡胤,濮阳,濮阳,一般,120,2000,85,92,64,57,73,371,熟,熟,极,精,熟,极,0,1787,男,59,神臂,129-神臂,使弩兵的射程增加１区格,,,,,,,150,130,229
656,吴玠,晋卿,赵匡胤,赵匡胤,濮阳,濮阳,一般,120,2000,87,82,66,70,75,380,精,精,极,熟,精,初,1,1789,男,65,弓将,36-弓将,对武力比自己低的敌方部队施展弩兵战法成功时会心一击,,,,,,,150,130,229
657,吴璘,唐卿,赵匡胤,赵匡胤,濮阳,濮阳,一般,120,2000,83,84,59,60,64,350,熟,精,极,精,精,初,1,1790,男,65,待伏,16-待伏,伏兵成功时施展会心一击,,,,,,,150,131,229
658,刘錡,信叔,赵匡胤,赵匡胤,濮阳,濮阳,一般,120,2000,88,86,68,65,66,373,极,精,极,初,精,精,0,1788,男,59,威风,10-威风,被攻击的敌方部队气力减少（大）,,,,,,,150,130,229
659,岳雲,,赵匡胤,赵匡胤,濮阳,濮阳,一般,120,2000,77,104,51,53,61,346,熟,熟,熟,极,精,熟,0,1791,男,60,疾驰,49-疾驰,对攻击力比自部队低的敌方部队施展骑兵战法成功时，必使其陷入混乱,,,,,,,165,145,244
660,吕布,奉先,,,宛,宛,未发现,0,0,70,108,45,32,41,296,精,熟,精,精,初,初,1,3,男,65,飞将,0-飞将,於陆上时不考虑ＺＯＣ、对武力低的敌部队施展战法成功时会心一击,,,,,,,150,130,229
661,吕蒙,子明,孙坚,孙坚,长沙,长沙,一般,120,2000,85,80,83,58,80,386,精,精,熟,熟,精,极,1,1030,男,124,安民,136-安民,攻破敌方城池后可保留全部内政设施,,,,,,,150,130,229
662,于谦,廷益,朱元璋,朱元璋,建业,建业,一般,120,2000,80,62,85,83,99,409,熟,极,精,熟,极,熟,0,1739,男,90,铁壁,29-铁壁,就算被一齐攻击，也会视之为一般攻击,,,,,,,150,130,229
663,杨再兴,,赵匡胤,赵匡胤,濮阳,濮阳,一般,120,2000,66,112,34,46,53,311,熟,初,熟,精,初,熟,0,1792,男,60,陷阵,133-陷阵,能对敌方施展的战法予以强势的反击,,,,,,,150,130,229
664,王德,子华,,,濮阳,濮阳,未发现,0,0,75,93,60,47,68,343,熟,极,精,熟,熟,精,0,1793,男,58,猛者,51-猛者,以战法让敌方部队移动区格时，有50％的機率可让敌将负伤,,,,,,,150,130,229
665,魏胜,彦威,,,濮阳,濮阳,未发现,0,0,80,90,77,70,79,396,精,熟,精,熟,极,精,0,1794,男,58,强袭,14-强袭,於水上攻击时，有50％的機率不会受到损伤,,,,,,,150,130,229
666,虞允文,彬甫,赵匡胤,赵匡胤,濮阳,濮阳,一般,120,2000,86,71,88,86,89,420,熟,精,精,初,熟,极,1,1795,男,63,沉著,73-沉著,可防止遭受部队计略「擾乱」,,,,,,,150,130,229
667,鲁肃,子敬,孙坚,孙坚,长沙,长沙,一般,120,2000,66,57,86,88,89,386,熟,熟,熟,初,精,精,0,123,男,124,亲和,142-亲和,实行亲善所能提升的友好度加倍,,,,,,,150,130,229
668,辛弃疾,幼安,,,濮阳,濮阳,未发现,0,0,71,72,80,77,83,383,熟,精,熟,熟,熟,熟,0,1796,男,63,诗想,76-诗想,军乐台的回復气力效果增为２倍,,,,,,,150,130,229
669,卢植,子幹,刘秀,刘秀,宛,宛,一般,120,2000,70,54,79,79,81,363,精,熟,精,熟,熟,初,0,200,男,71,指导,84-指导,研究技巧时的费用减半,,,,,,,150,130,229
670,毕再遇,德卿,,,濮阳,濮阳,未发现,0,0,84,95,76,49,72,376,精,熟,极,熟,熟,精,0,1797,男,64,勇将,39-勇将,对武力比自己低的敌方部队施展全战法成功时会心一击,,,,,,,150,130,229
671,孟珙,璞玉,赵匡胤,赵匡胤,濮阳,濮阳,一般,120,2000,95,84,83,74,80,416,极,极,精,熟,精,极,0,1798,男,64,戟神,43-戟神,戟兵战法成功时施展会心一击,,,,,,,150,130,229
672,文天祥,履善,,,濮阳,濮阳,未发现,0,0,55,60,75,82,99,371,初,熟,熟,初,熟,熟,0,1799,男,60,不屈,27-不屈,若在部队的士兵不多时被攻击，有50％的機率不会受到损伤,,,,,,,150,130,229
673,李庭芝,祥甫,,,濮阳,濮阳,未发现,0,0,78,64,73,77,87,379,熟,精,精,初,精,精,2,1801,男,61,特技255,,,,,,,,,150,130,229
674,程颢,伯淳,,,濮阳,濮阳,未发现,0,0,18,22,78,81,83,282,初,初,初,初,初,初,3,1892,男,61,贤哲,138-贤哲,所属势力每月增加一定量的技巧值,,,,,,,150,130,229
675,程颐,正叔,,,濮阳,濮阳,未发现,0,0,19,32,73,80,81,285,初,初,初,初,初,初,3,1802,男,61,贤哲,138-贤哲,所属势力每月增加一定量的技巧值,,,,,,,150,131,229
676,朱熹,元晦,,,濮阳,濮阳,未发现,0,0,40,43,77,81,80,321,初,初,初,初,初,初,0,1803,男,62,贤哲,138-贤哲,所属势力每月增加一定量的技巧值,,,,,,,150,130,229
677,沈括,存中,,,濮阳,濮阳,未发现,0,0,51,51,83,75,54,314,初,初,初,初,初,熟,3,1804,男,58,发明,82-发明,生产兵器之兵装时所需的生产期间减半,,,,,,,150,130,229
678,张居正,叔大,朱元璋,朱元璋,建业,建业,一般,120,2000,49,56,82,115,52,354,初,初,初,初,初,初,0,1746,男,91,变法,139-变法,每旬行动力恢复量增加，穀仓和造币厂作用提升为２倍,,,,,,,150,130,229
679,谭纶,子理,朱元璋,朱元璋,建业,建业,一般,120,2000,82,72,72,66,71,363,熟,精,精,熟,精,极,1,1747,男,90,治军,130-治军,物理攻击眩晕效果免疫,,,,,,,150,130,229
680,俞大猷,志辅,朱元璋,朱元璋,建业,建业,一般,120,2000,85,86,74,67,79,391,精,精,精,熟,极,极,1,1748,男,89,百战,127-百战,部队战法的消费气力变为五分之一,,,,,,,150,130,229
681,戚继光,元敬,朱元璋,朱元璋,建业,建业,一般,120,2000,97,83,78,68,87,413,精,极,精,极,圣,极,0,1749,男,88,工神,46-工神,兵器战法成功时施展会心一击,,,,,,,150,130,229
682,刘綎,省吾,,,建业,建业,未发现,0,0,70,95,39,23,36,263,精,精,精,熟,初,熟,2,1750,男,86,戟将,35-戟将,对武力比自己低的敌方部队施展戟兵战法成功时会心一击,,,,,,,150,130,229
683,李成梁,汝契,,,建业,建业,未发现,0,0,82,80,60,56,43,321,熟,熟,精,极,精,初,3,1751,男,95,亲乌,91-亲乌,所属都市的领内不会出现異族「乌丸」的根据地,,,,,,,150,130,229
684,李如松,子茂,,,建业,建业,未发现,0,0,83,79,52,38,50,302,精,熟,熟,极,极,熟,0,1752,男,95,射程,24-射程,使井阑、投石的射程增加１区格,,,,,,,165,145,244
685,麻贵,,,,建业,建业,未发现,0,0,77,81,50,48,59,315,精,熟,熟,极,熟,初,1,1753,男,92,特技255,,,,,,,,,150,130,229
686,陈璘,朝爵,,,建业,建业,未发现,0,0,79,80,66,36,42,303,熟,熟,熟,初,精,极,1,1754,男,87,水将,38-水将,对武力比自己低的敌方部队施展水军战法成功时会心一击,,,,,,,150,130,229
687,邓子龙,武桥,,,建业,建业,未发现,0,0,73,87,51,39,48,298,精,精,熟,初,熟,精,1,1755,男,89,强袭,14-强袭,於水上攻击时，有50％的機率不会受到损伤,,,,,,,150,130,229
688,孙承宗,稚绳,朱元璋,朱元璋,建业,建业,一般,120,2000,69,56,86,79,66,356,初,熟,初,熟,精,熟,1,1756,男,88,築城,77-築城,军事设施建设的耐久上昇量增为２倍,,,,,,,150,130,229
689,熊廷弼,飞百,朱元璋,朱元璋,建业,建业,一般,120,2000,79,76,81,75,46,357,熟,精,熟,熟,极,初,1,1757,男,86,屯田,78-屯田,所属於关所、港口时，士兵不会消费兵粮,,,,,,,150,130,229
690,袁崇焕,元素,朱元璋,朱元璋,建业,建业,一般,120,2000,85,67,73,57,64,346,熟,熟,熟,精,极,熟,1,1758,男,87,射程,24-射程,使井阑、投石的射程增加１区格,,,,,,,150,130,229
691,徐光启,子先,,,建业,建业,未发现,0,0,57,47,81,81,60,326,初,熟,初,初,精,熟,3,1759,男,93,发明,82-发明,生产兵器之兵装时所需的生产期间减半,,,,,,,150,130,229
692,郑成功,大木,,,建业,建业,未发现,0,0,87,76,65,78,77,383,精,熟,熟,初,精,极,1,1761,男,95,水神,47-水神,水军战法成功时施展会心一击,,,,,,,150,130,229
693,李定国,鸿远,,,建业,建业,未发现,0,0,88,89,80,62,81,400,极,精,精,初,熟,精,1,1762,男,86,待伏,16-待伏,伏兵成功时施展会心一击,,,,,,,150,130,229
694,史可法,宪之,,,建业,建业,未发现,0,0,62,62,71,76,84,355,熟,熟,精,初,精,熟,1,1763,男,89,不屈,27-不屈,若在部队的士兵不多时被攻击，有50％的機率不会受到损伤,,,,,,,150,130,229
695,邓愈,伯颜,朱元璋,朱元璋,建业,建业,一般,120,2000,83,87,60,71,78,379,熟,精,初,精,极,极,0,1726,男,92,攻城,17-攻城,攻击据点、设施、建築物时施展会心一击,,,,,,,150,130,229
696,汤和,鼎臣,朱元璋,朱元璋,建业,建业,一般,120,2000,77,77,80,63,67,364,精,精,熟,熟,初,极,0,1727,男,90,操舵,5-操舵,增加水上的移动力,,,,,,,150,130,229
697,吴三桂,长伯,吴三桂,吴三桂,云南,云南,君主,120,2000,78,86,51,39,35,289,精,熟,熟,极,熟,熟,0,1825,男,95,怒发,30-怒发,遭受敌方部队的战法攻击时，气力就会回復,,,,,,,150,130,229
698,董卓,仲颖,,,云南,云南,未发现,0,0,68,84,56,26,38,272,初,熟,熟,精,初,初,0,68,男,15,繁殖,81-繁殖,增加生产军马之兵装时的产量,,,,,,,150,130,229
699,王莽,巨君,,,云南,云南,未发现,0,0,32,58,77,72,54,293,初,初,初,初,初,初,0,1863,男,60,名声,79-名声,增加徵兵时的士兵数,,,,,,,150,130,229
700,事件,,,,65535,65535,死亡,0,0,1,1,1,1,1,5,初,初,初,初,初,初,0,563,男,0,特技255,,,,,,,,,184,184,281
701,事件,,,,65535,65535,死亡,0,0,1,1,1,1,1,5,初,初,初,初,初,初,0,564,男,0,特技255,,,,,,,,,184,184,281
702,事件,,,,65535,65535,死亡,0,0,1,1,1,1,1,5,初,初,初,初,初,初,0,565,男,0,特技255,,,,,,,,,184,184,281
703,事件,,,,65535,65535,死亡,0,0,1,1,1,1,1,5,初,初,初,初,初,初,0,496,男,0,特技255,,,,,,,,,184,184,281
704,事件,,,,65535,65535,死亡,0,0,1,1,1,1,1,5,初,初,初,初,初,初,0,497,男,0,特技255,,,,,,,,,184,184,281
705,事件,,,,65535,65535,死亡,0,0,1,1,1,1,1,5,初,初,初,初,初,初,0,498,男,0,特技255,,,,,,,,,184,184,281
706,事件,,,,65535,65535,死亡,0,0,1,1,1,1,1,5,初,初,初,初,初,初,0,499,男,0,特技255,,,,,,,,,184,184,281
707,事件,,,,65535,65535,死亡,0,0,1,1,1,1,1,5,初,初,初,初,初,初,0,500,男,0,特技255,,,,,,,,,184,184,281
708,事件,,,,65535,65535,死亡,0,0,1,1,1,1,1,5,初,初,初,初,初,初,0,501,男,0,特技255,,,,,,,,,184,184,281
709,事件,,,,65535,65535,死亡,0,0,1,1,1,1,1,5,初,初,初,初,初,初,0,296,男,0,特技255,,,,,,,,,184,184,281
710,事件,,,,65535,65535,死亡,0,0,1,1,1,1,1,5,初,初,初,初,初,初,0,770,男,0,特技255,,,,,,,,,184,184,281
711,事件,,,,65535,65535,死亡,0,0,1,1,1,1,1,5,初,初,初,初,初,初,0,731,男,0,特技255,,,,,,,,,184,184,281
712,姜子牙,,,,虎牢关,虎牢关,,0,0,110,60,120,100,90,480,极,极,极,极,极,极,0,1169,男,0,鬼门,71-鬼门,可施展部队计略的「妖术、落雷」,,,,,,,184,184,281
713,周公旦,,,,潼关,潼关,,0,0,80,70,90,120,120,480,精,精,精,精,精,精,3,1170,男,0,圣人,143-圣人,登用无归属武将时必定成功,,,,,,,184,184,281
714,盗贼,,,,65535,65535,,0,0,1,1,1,1,1,5,初,初,初,初,初,初,3,668,男,0,特技255,,,,,,,,,184,184,281
715,文官,,,,65535,65535,,0,0,1,1,1,1,1,5,初,初,初,初,初,初,3,669,男,0,特技255,,,,,,,,,184,184,281
716,士兵,,,,65535,65535,,0,0,1,1,1,1,1,5,初,初,初,初,初,初,3,670,男,0,特技255,,,,,,,,,184,184,281
717,男,,,,65535,65535,,0,0,1,1,1,1,1,5,初,初,初,初,初,初,3,671,男,0,特技255,,,,,,,,,184,184,281
718,女,,,,65535,65535,,0,0,1,1,1,1,1,5,初,初,初,初,初,初,3,672,女,0,特技255,,,,,,,,,184,184,281
719,老人,,,,65535,65535,,0,0,1,1,1,1,1,5,初,初,初,初,初,初,3,673,男,0,特技255,,,,,,,,,184,184,281
720,小孩,,,,65535,65535,,0,0,1,1,1,1,1,5,初,初,初,初,初,初,3,674,男,0,特技255,,,,,,,,,184,184,281
721,努尔哈赤,,努尔哈赤,努尔哈赤,65535,65535,都督,0,0,95,85,75,65,65,385,熟,熟,精,神,初,初,1,1100,男,0,特技157,,,,,,,,,184,170,269
722,皇太极,,努尔哈赤,努尔哈赤,65535,65535,一般,0,0,85,85,80,75,70,395,熟,熟,精,极,熟,初,1,1101,男,0,特技157,,,,,,,,,184,170,269
723,多尔衮,,努尔哈赤,努尔哈赤,65535,65535,一般,0,0,90,80,85,80,60,395,精,精,熟,极,精,初,1,1102,男,0,特技157,,,,,,,,,184,170,269
724,耶律亿,,努尔哈赤,努尔哈赤,65535,65535,一般,0,0,85,90,85,75,75,410,精,熟,精,极,精,初,1,1103,男,0,特技157,,,,,,,,,184,170,269
725,完颜旻,,努尔哈赤,努尔哈赤,65535,65535,一般,0,0,100,85,75,65,70,395,精,精,精,神,熟,初,1,1104,男,0,特技157,,,,,,,,,184,170,269
726,成吉思汗,,成吉思汗,成吉思汗,65535,65535,都督,0,0,110,90,85,45,50,380,精,熟,极,圣,极,初,1,1105,男,0,特技155,,,,,,,,,184,170,269
727,速不台,,成吉思汗,成吉思汗,65535,65535,一般,0,0,100,100,75,30,45,350,精,熟,极,神,精,初,1,1106,男,0,特技155,,,,,,,,,184,170,269
728,木华黎,,成吉思汗,成吉思汗,65535,65535,一般,0,0,105,95,90,50,55,395,精,精,精,圣,精,初,1,1107,男,0,特技155,,,,,,,,,184,170,269
729,拖雷,,成吉思汗,成吉思汗,65535,65535,一般,0,0,95,85,70,60,65,375,精,精,精,极,精,熟,3,1108,男,0,特技155,,,,,,,,,184,170,269
730,忽必烈,,成吉思汗,成吉思汗,65535,65535,一般,0,0,80,80,80,80,70,390,熟,熟,精,极,精,熟,3,1109,男,0,特技155,,,,,,,,,184,170,269
731,丰臣秀吉,,丰臣秀吉,丰臣秀吉,65535,65535,都督,0,0,80,55,85,95,80,395,精,极,精,熟,极,熟,1,1115,男,0,特技154,,,,,,,,,184,170,269
732,织田信长,,丰臣秀吉,丰臣秀吉,65535,65535,一般,0,0,85,75,90,90,75,415,极,极,熟,熟,极,熟,1,1116,男,0,特技154,,,,,,,,,184,170,269
733,上杉谦信,,丰臣秀吉,丰臣秀吉,65535,65535,一般,0,0,90,85,65,70,85,395,熟,极,精,极,熟,初,1,1118,男,0,特技154,,,,,,,,,184,170,269
734,武田信玄,,丰臣秀吉,丰臣秀吉,65535,65535,一般,0,0,90,70,90,85,80,415,精,极,熟,极,熟,初,1,1119,男,0,特技154,,,,,,,,,184,170,269
735,岛津义弘,,丰臣秀吉,丰臣秀吉,65535,65535,一般,0,0,80,95,70,65,60,370,精,极,熟,熟,熟,极,1,1120,男,0,特技154,,,,,,,,,184,170,269
736,松赞干布,,松赞干布,松赞干布,65535,65535,都督,0,0,90,75,95,95,90,445,极,精,熟,极,熟,初,1,1110,男,0,特技156,,,,,,,,,184,170,269
737,噶尔东赞,,松赞干布,松赞干布,65535,65535,一般,0,0,85,55,85,90,85,400,极,极,熟,精,精,初,1,1111,男,0,特技156,,,,,,,,,184,170,269
738,噶尔钦陵,,松赞干布,松赞干布,65535,65535,一般,0,0,95,80,90,55,60,380,神,极,精,极,初,初,1,1112,男,0,特技156,,,,,,,,,184,170,269
739,赤松德赞,,松赞干布,松赞干布,65535,65535,一般,0,0,75,60,80,85,85,385,极,精,熟,精,初,初,1,1113,男,0,特技156,,,,,,,,,184,170,269
740,赤祖德赞,,松赞干布,松赞干布,65535,65535,一般,0,0,70,65,80,90,80,385,极,熟,熟,精,初,初,1,1114,男,0,特技156,,,,,,,,,184,170,269
741,宦官,,,,65535,65535,,0,0,1,1,1,1,1,5,初,初,初,初,初,初,3,745,男,0,特技255,,,,,,,,,184,184,281
742,使者,,,,65535,65535,,0,0,1,1,1,1,1,5,初,初,初,初,初,初,3,746,男,0,特技255,,,,,,,,,184,184,281
743,武将,,,,65535,65535,,0,0,1,1,1,1,1,5,初,初,初,初,初,初,3,747,男,0,特技255,,,,,,,,,184,184,281
744,卫兵,,,,65535,65535,,0,0,1,1,1,1,1,5,初,初,初,初,初,初,3,748,男,0,特技255,,,,,,,,,184,184,281
745,陈胜,,陈胜,陈胜,65535,65535,都督,0,0,70,80,60,50,60,320,精,精,精,熟,熟,熟,1,1151,男,0,怒发,30-怒发,遭受敌方部队的战法攻击时，气力就会回復,,,,,,,184,170,269
746,吴广,,陈胜,陈胜,65535,65535,一般,0,0,65,75,70,65,50,325,精,精,精,熟,初,熟,3,1152,男,0,辅佐,26-辅佐,即使没建立人际关係（厌恶除外）也可获得支援攻击,,,,,,,184,170,269
747,张角,,陈胜,陈胜,65535,65535,一般,0,0,70,55,80,80,85,370,精,精,熟,熟,熟,熟,3,520,男,0,鬼门,71-鬼门,可施展部队计略的「妖术、落雷」,,,,,,,184,170,269
748,孙恩,,陈胜,陈胜,65535,65535,一般,0,0,75,70,75,65,80,365,精,精,熟,初,熟,精,3,1153,男,0,米道,88-米道,每季的所属都市的兵粮收入增加为1.5倍,,,,,,,184,170,269
749,葛荣,,陈胜,陈胜,65535,65535,一般,0,0,75,80,60,35,65,315,精,精,熟,精,初,初,3,1155,男,0,乱战,15-乱战,於森林中攻击时施展会心一击,,,,,,,184,170,269
750,窦建德,,陈胜,陈胜,65535,65535,一般,0,0,80,85,70,60,90,385,精,精,精,精,熟,熟,3,1156,男,0,攻心,22-攻心,攻击时可将敌方部队的一部分士兵吸收到自军部队中,,,,,,,184,170,269
751,黄巢,,陈胜,陈胜,65535,65535,一般,0,0,85,80,85,55,80,385,极,精,熟,精,熟,精,3,1157,男,0,强行,2-强行,增加兵器、输送部队以外的陆上部队之移动力,,,,,,,184,170,269
752,王仙芝,,陈胜,陈胜,65535,65535,一般,0,0,70,70,70,50,70,330,精,精,精,熟,熟,精,3,1158,男,0,突袭,13-突袭,於陆上攻击时，有50％的機率不会受到损伤,,,,,,,184,170,269
753,宋江,,陈胜,陈胜,65535,65535,一般,0,0,75,70,70,75,75,365,精,精,精,精,精,精,3,1159,男,0,名声,79-名声,增加徵兵时的士兵数,,,,,,,184,170,269
754,方腊,,陈胜,陈胜,65535,65535,一般,0,0,75,75,60,70,80,360,精,精,精,初,初,精,3,1160,男,0,妖术,70-妖术,可施展部队计略的「妖术」,,,,,,,184,170,269
755,钟相,,陈胜,陈胜,65535,65535,一般,0,0,70,75,55,45,55,300,精,精,精,初,熟,极,3,1162,男,0,强袭,14-强袭,於水上攻击时，有50％的機率不会受到损伤,,,,,,,184,170,269
756,杨么,,陈胜,陈胜,65535,65535,一般,0,0,75,80,65,50,60,330,精,精,精,初,熟,极,3,1161,男,0,推进,4-推进,於水上时不考虑ＺＯＣ,,,,,,,184,170,269
757,李全,,陈胜,陈胜,65535,65535,一般,0,0,80,90,70,55,65,360,极,精,精,熟,熟,精,3,1154,男,0,枪将,34-枪将,对武力比自己低的敌方部队施展枪兵战法成功时会心一击,,,,,,,184,170,269
758,陈友谅,,陈胜,陈胜,65535,65535,一般,0,0,80,75,80,60,65,360,精,精,精,初,精,极,3,1163,男,0,水将,38-水将,对武力比自己低的敌方部队施展水军战法成功时会心一击,,,,,,,184,170,269
759,李自成,,陈胜,陈胜,65535,65535,一般,0,0,85,85,70,40,85,365,精,极,精,精,精,熟,3,1164,男,0,不屈,27-不屈,若在部队的士兵不多时被攻击，有50％的機率不会受到损伤,,,,,,,184,170,269
760,张献忠,,陈胜,陈胜,65535,65535,一般,0,0,80,85,65,25,50,305,精,精,精,熟,熟,熟,3,1165,男,0,掠夺,21-掠夺,击破敌方部队时，有機会夺取敌将的道具,,,,,,,184,170,269
761,渔夫,,,,65535,65535,,0,0,1,1,1,1,1,5,初,初,初,初,初,初,3,765,男,0,特技255,,,,,,,,,184,184,281
762,学者,,,,65535,65535,,0,0,1,1,1,1,1,5,初,初,初,初,初,初,3,766,男,0,特技255,,,,,,,,,184,184,281
763,事６４,,,,65535,65535,,0,0,1,1,1,1,1,5,初,初,初,初,初,初,3,0,男,0,特技255,,,,,,,,,184,165,190
764,事６５,,,,65535,65535,,0,0,1,1,1,1,1,5,初,初,初,初,初,初,3,0,男,0,特技255,,,,,,,,,184,165,190
765,事６６,,,,65535,65535,,0,0,1,1,1,1,1,5,初,初,初,初,初,初,3,0,男,0,特技255,,,,,,,,,184,165,190
766,事６７,,,,65535,65535,,0,0,1,1,1,1,1,5,初,初,初,初,初,初,3,0,男,0,特技255,,,,,,,,,184,165,190
767,事６８,,,,65535,65535,,0,0,1,1,1,1,1,5,初,初,初,初,初,初,3,0,男,0,特技255,,,,,,,,,184,165,190
768,事６９,,,,65535,65535,,0,0,1,1,1,1,1,5,初,初,初,初,初,初,3,0,男,0,特技255,,,,,,,,,184,165,190
769,事７０,,,,65535,65535,,0,0,1,1,1,1,1,5,初,初,初,初,初,初,3,0,男,0,特技255,,,,,,,,,184,165,190
770,窦婴,王孙,刘邦,刘邦,成都,成都,一般,120,2000,67,53,71,77,79,347,熟,精,熟,初,熟,熟,3,1905,男,73,特技255,,,,,,,,,150,130,229
771,韩安国,长孺,刘邦,刘邦,成都,成都,一般,120,2000,69,70,82,79,80,380,熟,精,熟,熟,初,熟,3,1906,男,71,特技255,,,,,,,,,150,130,229
772,冯胜,,朱元璋,朱元璋,建业,建业,一般,120,2000,81,80,61,33,39,294,精,熟,熟,精,精,精,0,1902,男,91,长驱,3-长驱,增加骑兵部队的移动力,,,,,,,150,130,229
773,王崇古,学甫,,,建业,建业,未发现,0,0,75,69,74,76,65,359,熟,精,精,熟,熟,极,3,1903,男,87,特技153,,,,,,,,,150,130,229
774,源贺,,拓跋珪,拓跋珪,蓟,蓟,一般,120,2000,75,84,80,78,84,401,熟,初,精,精,熟,初,1,1900,男,140,特技255,,,,,,,,,165,145,244
775,尉元,苟仁,拓跋珪,拓跋珪,蓟,蓟,一般,120,2000,76,80,69,72,78,375,精,初,精,精,熟,熟,1,1901,男,142,特技255,,,,,,,,,150,130,229
776,荀林父,,晋重耳,晋重耳,邺,邺,一般,120,2000,70,67,65,74,74,350,熟,精,熟,熟,精,初,1,1896,男,21,特技255,,,,,,,,,150,130,229
777,士会,季,晋重耳,晋重耳,邺,邺,一般,120,2000,64,55,96,87,90,392,精,熟,初,熟,精,熟,3,1897,男,23,料敌,132-料敌,敌方部队所施展部队计略成功的几率大幅降低,,,,,,,150,130,229
778,郤克,,晋重耳,晋重耳,邺,邺,一般,120,2000,76,50,72,75,56,329,初,精,精,熟,熟,熟,1,1898,男,19,怒发,30-怒发,遭受敌方部队的战法攻击时，气力就会回復,,,,,,,150,130,229
779,栾书,,晋重耳,晋重耳,邺,邺,一般,120,2000,63,66,79,77,62,347,初,熟,熟,初,熟,熟,1,1899,男,16,特技255,,,,,,,,,150,130,229
780,周敦颐,茂叔,,,濮阳,濮阳,未发现,0,0,38,16,76,78,86,294,初,初,初,初,初,初,3,1891,男,61,指导,84-指导,研究技巧时的费用减半,,,,,,,150,130,229
781,邵雍,尧夫,,,濮阳,濮阳,未发现,0,0,28,23,87,73,85,296,初,初,初,初,初,初,3,1893,男,63,风水,97-风水,所属都市不容易出现蝗灾、瘟疫,,,,,,,150,130,229
782,陆九渊,子静,,,濮阳,濮阳,未发现,0,0,48,47,79,76,79,329,初,初,熟,初,初,初,0,1769,男,56,贤哲,138-贤哲,所属势力每月增加一定量的技巧值,,,,,,,150,130,229
783,杨存中,正甫,,,濮阳,濮阳,未发现,0,0,79,91,70,69,73,382,熟,熟,极,精,精,精,1,1890,男,63,神臂,129-神臂,使弩兵的射程增加１区格,,,,,,,225,205,304
784,李显忠,,,,濮阳,濮阳,未发现,0,0,81,89,55,51,64,340,精,精,熟,极,熟,精,0,1889,男,59,骑将,37-骑将,对武力比自己低的敌方部队施展骑兵战法成功时会心一击,,,,,,,150,130,229
785,袁袭,,杨行密,杨行密,庐江,庐江,一般,120,2000,46,37,90,77,75,325,初,初,初,初,初,初,1,1887,男,114,运筹,144-运筹,如果使用计策成功，则有機率可再行动一次,,,,,,,150,130,229
786,周本,,杨行密,杨行密,庐江,庐江,一般,120,2000,67,91,45,45,51,299,熟,熟,熟,初,熟,精,2,1888,男,112,金刚,28-金刚,在敌方攻击力微弱时被攻击的话，有50％的機率不会受到损伤,,,,,,,270,250,349
787,秦开,,燕职,燕职,北平,北平,一般,120,2000,81,77,68,74,70,370,极,精,精,精,熟,初,1,1886,男,10,築城,77-築城,军事设施建设的耐久上昇量增为２倍,,,,,,,150,130,229
788,由余,,秦任好,秦任好,长安,长安,一般,120,2000,54,51,85,86,72,348,初,初,熟,熟,初,初,1,1885,男,1,特技255,,,,,,,,,150,130,229
789,谢彦章,,朱温,朱温,陈留,陈留,一般,120,2000,73,70,59,65,76,343,熟,初,熟,极,熟,熟,1,1884,男,132,特技255,,,,,,,,,150,130,229
790,贺瑰,光远,,,陈留,陈留,未发现,0,0,71,74,49,47,52,293,精,精,初,初,熟,熟,3,1883,男,129,特技255,,,,,,,,,150,130,229
791,刘知俊,希贤,朱温,朱温,陈留,陈留,一般,120,2000,72,92,52,34,47,297,精,精,熟,熟,初,熟,2,1882,男,126,踏破,6-踏破,无栈道通行的损害；减轻落石的损伤。,,,,,,,150,130,229
792,李振,兴绪,朱温,朱温,陈留,陈留,一般,120,2000,28,21,87,68,43,247,初,初,初,初,初,初,3,1881,男,132,看破,60-看破,必定可识破智力比自己低的敌方部队所施展部队计略,,,,,,,150,130,229
793,杨炎,公南,,,洛阳,洛阳,未发现,0,0,29,31,76,82,41,259,初,初,初,初,初,初,3,1879,男,41,徵税,89-徵税,每回合所属都市都会有资金收入（一次收入将减半）,,,,,,,150,130,229
794,高骈,千里,,,洛阳,洛阳,未发现,0,0,79,75,66,55,58,333,精,极,精,熟,熟,精,1,1880,男,49,特技255,,,,,,,,,150,130,229
795,公孙瓒,伯珪,,,宛,宛,未发现,0,0,71,82,57,45,53,308,熟,初,精,极,初,初,1,38,男,74,白马,25-白马,未研究技巧「骑射」时也可施展骑射；骑射可施展会心一击,,,,,,,150,130,229
796,胡宗宪,汝贞,朱元璋,朱元璋,建业,建业,一般,120,2000,69,58,87,73,74,361,熟,熟,熟,初,熟,熟,1,1878,男,94,言毒,54-言毒,对智力比自己低的敌方部队施展部队计略「伪报」时，必定会成功,,,,,,,150,130,229
797,朱瞻基,,朱元璋,朱元璋,建业,建业,一般,120,2000,78,78,79,90,89,414,精,精,精,熟,精,熟,0,1877,男,90,仁政,96-仁政,所属相同的武将之每个月的忠诚不会下降,,,,,,,195,175,274
798,薛赞,,姚弋仲,姚弋仲,天水,天水,一般,120,2000,37,40,82,84,65,308,初,初,初,初,初,初,3,1876,男,133,秘计,59-秘计,对智力比自己高的敌方部队施展部队计略成功时会心一击,,,,,,,150,130,229
799,姚硕德,,姚弋仲,姚弋仲,天水,天水,一般,120,2000,74,77,59,54,62,326,精,熟,精,精,熟,初,1,1875,男,135,特技255,,,,,,,,,165,147,244
800,秦宣太后,,,,65535,65535,,0,0,32,32,83,75,69,291,初,初,初,初,初,初,1,1500,女,149,诡计,56-诡计,对智力比自己低的敌方部队施展部队计略「内讧」时，必定会成功,,,,,,,150,130,229
801,吕雉,,,,65535,65535,,0,0,43,46,79,80,63,311,初,初,初,初,初,初,3,1501,女,75,秘计,59-秘计,对智力比自己高的敌方部队施展部队计略成功时会心一击,,,,,,,150,130,229
802,卫子夫,,,,65535,65535,,0,0,9,23,57,64,77,230,初,初,初,初,初,初,3,1502,女,75,奏乐,75-奏乐,每回合回復自军部队的气力,,,,,,,150,130,229
803,甄宓,,,,65535,65535,,0,0,8,15,58,46,68,195,初,初,初,初,初,初,3,732,女,28,特技255,,,,,,,,,150,130,229
804,阴丽华,,,,65535,65535,,0,0,16,19,64,68,86,253,初,初,初,初,初,初,3,1504,女,70,仁政,96-仁政,所属相同的武将之每个月的忠诚不会下降,,,,,,,210,190,289
805,邓绥,,,,65535,65535,,0,0,24,28,76,74,75,277,初,初,初,初,初,初,3,1505,女,70,看破,60-看破,必定可识破智力比自己低的敌方部队所施展部队计略,,,,,,,150,130,229
806,冯有,,,,65535,65535,,0,0,37,34,81,84,80,316,初,初,初,初,初,初,0,1506,女,146,指导,84-指导,研究技巧时的费用减半,,,,,,,150,130,229
807,胡充华,,,,65535,65535,,0,0,29,41,62,56,58,246,初,初,初,初,初,初,3,1507,女,149,祈願,98-祈願,所属都市容易出现豐收,,,,,,,150,130,229
808,独孤伽罗,,,,65535,65535,,0,0,36,37,69,83,74,299,初,初,初,初,初,初,0,1508,女,14,辅佐,26-辅佐,即使没建立人际关係（厌恶除外）也可获得支援攻击,,,,,,,165,145,244
809,长孙皇后,,,,65535,65535,,0,0,25,26,67,73,83,274,初,初,初,初,初,初,0,1509,女,44,内助,99-内助,若结婚，双方的能力全部＋１,,,,,,,270,250,349
810,张惠,,,,65535,65535,,0,0,12,43,73,67,71,266,初,初,初,初,初,初,1,1510,女,128,内助,99-内助,若结婚，双方的能力全部＋１,,,,,,,150,130,229
811,刘娥,,,,65535,65535,,0,0,18,30,71,82,81,282,初,初,初,初,初,初,3,1511,女,64,辅佐,26-辅佐,即使没建立人际关係（厌恶除外）也可获得支援攻击,,,,,,,150,130,229
812,娄昭君,,,,65535,65535,,0,0,51,65,78,72,70,336,初,初,熟,熟,初,初,1,1512,女,0,眼力,85-眼力,若有未发现的在野人士时执行人材探索的话，必定会发现,,,,,,,150,130,229
813,马秀英,,,,65535,65535,,0,0,48,56,66,72,82,324,初,初,初,初,初,初,0,1513,女,90,内助,99-内助,若结婚，双方的能力全部＋１,,,,,,,150,130,229
814,平阳公主,,,,65535,65535,,0,0,74,67,63,59,73,336,精,精,熟,初,熟,初,1,1514,女,45,昂扬,11-昂扬,打倒敌方部队就可回復气力,,,,,,,225,206,304
815,太平公主,,,,65535,65535,,0,0,40,29,84,75,67,295,初,初,初,初,初,初,0,1515,女,45,诡计,56-诡计,对智力比自己低的敌方部队施展部队计略「内讧」时，必定会成功,,,,,,,255,235,334
816,上官婉儿,,,,65535,65535,,0,0,21,24,75,78,66,264,初,初,初,初,初,初,3,1516,女,42,秘计,59-秘计,对智力比自己高的敌方部队施展部队计略成功时会心一击,,,,,,,150,130,229
817,卓文君,,,,65535,65535,,0,0,3,22,68,50,69,212,初,初,初,初,初,初,3,1517,女,77,奏乐,75-奏乐,每回合回復自军部队的气力,,,,,,,150,130,229
818,班昭,惠班,,,65535,65535,,0,0,10,18,74,70,73,245,初,初,初,初,初,初,3,1518,女,72,精妙,20-精妙,击破敌方部队时所获得的技巧点数增为２倍,,,,,,,150,132,229
819,蔡琰,文姬,,,65535,65535,,0,0,17,21,72,55,72,237,初,初,初,初,初,初,3,1519,女,35,诗想,76-诗想,军乐台的回復气力效果增为２倍,,,,,,,150,130,229
820,谢道韫,,,,65535,65535,,0,0,56,72,76,64,79,347,初,熟,初,初,初,熟,3,1520,女,33,精妙,20-精妙,击破敌方部队时所获得的技巧点数增为２倍,,,,,,,165,145,244
821,李清照,,,,65535,65535,,0,0,15,20,70,58,64,227,初,初,初,初,初,初,0,1521,女,65,诗想,76-诗想,军乐台的回復气力效果增为２倍,,,,,,,150,130,229
822,西施,,,,65535,65535,,0,0,5,10,65,56,82,218,初,初,初,初,初,初,1,1522,女,116,亲和,142-亲和,实行亲善所能提升的友好度加倍,,,,,,,150,130,229
823,虞姬,,,,65535,65535,,0,0,20,45,52,36,68,221,初,初,初,初,初,初,1,1523,女,100,不屈,27-不屈,若在部队的士兵不多时被攻击，有50％的機率不会受到损伤,,,,,,,150,130,229
824,王昭君,,,,65535,65535,,0,0,30,36,60,63,78,267,初,初,初,初,初,初,3,1524,女,78,特技153,,,,,,,,,150,130,229
825,杨玉环,太真,,,65535,65535,,0,0,7,35,55,42,75,214,初,初,初,初,初,初,3,1525,女,42,奏乐,75-奏乐,每回合回復自军部队的气力,,,,,,,150,130,229
826,赵飞燕,,,,65535,65535,,0,0,2,16,49,45,58,170,初,初,初,初,初,初,3,1526,女,76,特技255,,,,,,,,,150,130,229
827,冯小怜,,,,65535,65535,,0,0,6,13,40,37,61,157,初,初,初,初,初,初,3,1527,女,148,特技255,,,,,,,,,150,130,229
828,张丽华,,,,65535,65535,,0,0,11,40,61,48,62,222,初,初,初,初,初,初,3,1531,女,116,特技255,,,,,,,,,150,130,229
829,周宪,娥皇,,,65535,65535,,0,0,5,9,64,53,72,203,初,初,初,初,初,初,3,1529,女,113,奏乐,75-奏乐,每回合回復自军部队的气力,,,,,,,150,130,229
830,周嘉敏,女英,,,65535,65535,,0,0,9,12,55,51,65,192,初,初,初,初,初,初,3,1530,女,113,特技255,,,,,,,,,150,131,229
831,陈圆圆,畹芬,,,65535,65535,,0,0,4,17,46,40,60,167,初,初,初,初,初,初,3,1528,女,95,奏乐,75-奏乐,每回合回復自军部队的气力,,,,,,,150,130,229
832,古代３３,,,,65535,65535,,0,0,1,1,1,1,1,5,初,初,初,初,初,初,3,0,,0,特技255,,,,,,,,,184,165,190
833,古代３４,,,,65535,65535,,0,0,1,1,1,1,1,5,初,初,初,初,初,初,3,0,,0,特技255,,,,,,,,,184,165,190
834,古代３５,,,,65535,65535,,0,0,1,1,1,1,1,5,初,初,初,初,初,初,3,0,,0,特技255,,,,,,,,,184,165,190
835,古代３６,,,,65535,65535,,0,0,1,1,1,1,1,5,初,初,初,初,初,初,3,0,,0,特技255,,,,,,,,,184,165,190
836,古代３７,,,,65535,65535,,0,0,1,1,1,1,1,5,初,初,初,初,初,初,3,0,,0,特技255,,,,,,,,,184,165,190
837,古代３８,,,,65535,65535,,0,0,1,1,1,1,1,5,初,初,初,初,初,初,3,0,,0,特技255,,,,,,,,,184,165,190
838,古代３９,,,,65535,65535,,0,0,1,1,1,1,1,5,初,初,初,初,初,初,3,0,,0,特技255,,,,,,,,,184,165,190
839,古代４０,,,,65535,65535,,0,0,1,1,1,1,1,5,初,初,初,初,初,初,3,0,,0,特技255,,,,,,,,,184,165,190
840,古代４１,,,,65535,65535,,0,0,1,1,1,1,1,5,初,初,初,初,初,初,3,0,,0,特技255,,,,,,,,,184,165,190
841,古代４２,,,,65535,65535,,0,0,1,1,1,1,1,5,初,初,初,初,初,初,3,0,,0,特技255,,,,,,,,,184,165,190
842,古代４３,,,,65535,65535,,0,0,1,1,1,1,1,5,初,初,初,初,初,初,3,0,,0,特技255,,,,,,,,,184,165,190
843,古代４４,,,,65535,65535,,0,0,1,1,1,1,1,5,初,初,初,初,初,初,3,0,,0,特技255,,,,,,,,,184,165,190
844,古代４５,,,,65535,65535,,0,0,1,1,1,1,1,5,初,初,初,初,初,初,3,0,,0,特技255,,,,,,,,,184,165,190
845,古代４６,,,,65535,65535,,0,0,1,1,1,1,1,5,初,初,初,初,初,初,3,0,,0,特技255,,,,,,,,,184,165,190
846,古代４７,,,,65535,65535,,0,0,1,1,1,1,1,5,初,初,初,初,初,初,3,0,,0,特技255,,,,,,,,,184,165,190
847,古代４８,,,,65535,65535,,0,0,1,1,1,1,1,5,初,初,初,初,初,初,3,0,,0,特技255,,,,,,,,,184,165,190
848,古代４９,,,,65535,65535,,0,0,1,1,1,1,1,5,初,初,初,初,初,初,3,0,,0,特技255,,,,,,,,,184,165,190
849,古代５０,,,,65535,65535,,0,0,1,1,1,1,1,5,初,初,初,初,初,初,3,0,,0,特技255,,,,,,,,,184,165,190